full_text,labels
Dulu waktu ibuku meninggal keluarga juga banyak yg minta baju ibuku. Bahkan ada tante dari bapakku yg tiba-tiba pas acara kondangan pakai baju ibuku padahal bajunya punya banyak kenangan. Ternyata dia ngambil sendiri bajunya,0
Dulu waktu nenekku meninggal juga adeknya minta tas nenekku pdhl nenek baru jg dikebumikan ya jelas ga dikasihlah sama mamakku karna dia yg beliin dan emg sodara2 nenekku hidupnya kek parasit semua,0
Gue saat kaka ipar meninggal nangis sejadi-jadinya even gue lakiÂ². Kakak perempuan gue satuÂ²nya jadi janda Dan ninggalin 2 orang anak. Gue sedih Karna beliau lebih seperti kakak di banding kakak kandung gue sendiri. Keluarga gue susah ta,0
Musuh terbesar dan teregois. Itu gak jauh dari sekitar kita. Bahkan dari keluarga kita. Itu yg saya alami skrg.,0
Dih ya suka-suka istrinya mau dikasih ke siapaa,0
Jd inget dulu pas bapak ga ada hampir semua barang yg beliau punya banyak yg ngincer trus akhirnya diambil padahal beberapa barang bakal tetap bisa dipake sisanya ya cuma beberapa baju dan celana karena ukurannya gede kebanyakan mereka yg,0
Kak waktu ayahku meninggal juga mirip gini. Klo ibuku syukurnya emang berencana bagi2. Tpi ada 1 barang yg bahkan ayahku aja gapernah mention itu untuk dikasihkan ke org lain yaitu motor. Shogun 125 usianya +- 15 th. Tanteku bilang klo mot,0
Kukira bajunya org yg udah meninggal g ada yg mau pake ternyata baca reply an bnyak jugaa yg rebutan,0
ngerusak sendiri deh dia,1
sama kejadiannya waktu tanteku meninggal orangnya emang suka belanja dan barangnya bagus dihari itu juga kerabat dari suaminya ngobral baju tanteku padahal aslinya tanteku ini dimusuhin sama kerabat disana kok ga malu ya mereka kaya gitu,0
Tanteku (kakak mama) 2 hari setelah mama meninggal langsung minta baju almarhumah dan mukena cantik yang aku beliin. Mukena ini udah dia incer dari mama terbaring sakit. Aku dan saudaraku mikir kok ada orang yg gak punya otak begitu?,0
Bajunya cantik cantik bgt pasti istrinya kakaknya juga cantik bgt yaaa,0
Gw relate banget sih gw pun belom sanggup liat barangÂ² mama dipake sama orang lain,0
Di keluarga ibuk yg suka minta2 baju itu iparnya nenek. Selepas ibuk meninggal mau minta mukenah pake request yg warna putih polos lagi. Ya kan gak ada terus karena dia mandiin jenazah ibuk pake kode2 masalah kain jarik. Disini adatnya kal,0
Ketika nyokap tiri gw meninggal barang2nya langsung diambilin sm kluarganya.. ujung2nya... gw ga dianggap anak sama kluarganya yg mana dia asuh dr kecil.,0
Waktu nenek meninggal salah 1 mantu+besannya malah yg ambil diem2 baju+tas almh. Pdhl udh dibahas diawal dikeluarin semua boleh ambil tp bareng2. Bahkan tetangga yg pd bantu dirumah almh pas hari H ada yg ambil peralatan makan l+perabot ju,0
Layak di filmkan. Dg story line ipar sudah maut,0
Adeknya manipulatif. Aneh bgt,0
Berasa buka thread model postibgan begini,0
Tetanggaku juga ada gituu teman emak.. sering minta barang alm mama.. beberapa ada yg kukasi lama lama males juga. Apalagi baju jadi aku pakai baju alm mama bajuku yg disumbangin,0
Hehe pernah ngalamin,0
Keluarga anehhh,0
Perkara baju rusak hubungan keluarga wkwkwk,0
jangankan itu yg udah dikubur nenek gue masih ada aja barang2nya ada yg udah dijual tanpa sepengetahuan nenek ataupun mama gue yg jelas2 anaknya ada lemari tempat tidur. Sampe ke tas2 nenek gue pun ditanyain masih dipake apa engga. Sakittt,0
Mirip dikit sm peninggalan almarhum ayah. Sewaktu ayah dinyatakan meninggal rumah dikunci dan dijaga bgt. Soalnya kata om ku banyak yg suka maling barang2 org yg udah meninggal. Walaupun udah dijaga tetep aja kemalingan banyaaakk. Ampe sen,0
Isi komennya template,0
Waktu bapakku meninggal juga gitu. Krn bisnis papa adl audio jd byk alat2 mahal utk sound check dll CD lagu impor yg sekeping harganya saat itu bisa hampir 1/2 juta sendiri banyak yg hilang diambil tmn2 papa yg kukira mrk real tmn baik. Te,0
Duluuu bahkan waktu mama gw sakit belom meninggal malah. Segala gelang ampe kalung nyokap yg harus dilepas diambil ama adenya pffttt Belum lg pas kena musibah mama sakit segala elektronik di rmh gw pun dibawa sebagai ganti uang sumbangan r,0
Ceritanya persis kaya adeknya bapak. Adek bapak nomer 2 meninggal setahun yang lalu. Mungkin setelah 100 hari beliau adeknya yg paling kecil dan kakaknya yg paling tua minta baju baju almh. Paklikku ga ngasih ijin tapi beliau jg ga ngasih,0
Gilanya lagi alm buleku meninggal keluarga dr suami buleku udah langsung main srobot. Dan endingnya ternyata pas masi hidup suaminya selingkuh sm tetangga sendiri. Dan dia pergi dr rumh buleku hampir bawa 65% isi rumah. Kok ada cowo bawa s,0
Apasih anjr pengen baca rep yg beneran nyimak ceritanya bjrot,0
Ya itu sih hak keluarganya aja,1
Menarik banget dah ini yaa,1
Ada alasan tertentu mungkin,1
Ada alasan tertentu,1
Sy punya cerita jg... masalah barang2 peninggalan. Setelah ibu meninggal.. kami 3 bersaudara berbagi warisan dgn adek bungsu dpt rumah peninggalan beserta slrh isinya.. dgn pertimbangan waktu itu sy dan kakak sulung sudah punya rumah masin,0
real story ini?,1
Banyak banget itu,1
Real story ya?,1
Kalo menurut aku udah bener disumbangin aja ke orang yang membutuhkan sesuai amanah almarhumah. Pasti ada alasan kenapa almarhumah ngasih amanah gitu sebelum meninggal. Buat adek nya udah jual aja bang adek lu ngeselin banget sumpah.,0
Pasti ada aja alesannya,0
Oalah gtu ya penjelasannya,1
mending simpen kenangan,1
wahh gt yaa ceritanya,1
serem juga yaaa,1
aku bacain sampe habis lumayan seru,1
semua perihal waktu,1
malah jadi ribut gara-gara baju,1
Selalu aja ada drama keluarga,1
sebenernya adeknya yg egois,1
Bacanya kaya cerita dari chatgpt,0
Jika nanti aku meninggal bajuku tolong kasi ke adik kandungku dan anak kandungku saja. Sisanya mohon disimpan -pesan untuk suamiku dan keluargaku,0
aku ngalamin ini. waktu itu jenazah mama baru mau otw ke rumah adeknya malah udah minta baju mama ke aku di lift ada satu momen dia mau umroh minta baju mama. aku kasih yg polos malah protes kok ga sama hijabnya . yakan dia minta baju doan,0
Punya adek yg mandiri dan sopan itu berharga banget ga memahami situasi ini karena adek aku sesempurna itu dimata aku semoga adek aku selalu bahagia dan dikelilingi orang orang yg sayang sama dia,0
Eh maaf kak tapi gila jadi sarang cenblu caper jir kesel bgt,0
gapunya sisa baju bapak soalnya dulu disumbangin semua,0
Bakar baju2nya dan kirim videonya ke mereka. Trus blok mereka. Lanjutkan hidup dgn damai,0
Aku malah kebalikannya malah karna baju alm mamahku bener bener banyaak bgt harganya juga mahal mahal dan rata rata banyak barang baru yg belum terpakai. Aku sama teteh kumpulin semua keluarga dan suruh pilih yg mereka mau sebabnya karna -,0
aneh bgt ada org kyk gini,0
Kalau membantu (sedekah) memang di utamakan kepada keluarga daripada orang lain tapi dalam kasus ini kan almarhum sudah menitipkan amanah jadi ya harus ditunaikan amanah tersebut. Semoga menemukan jalan keluar terbaik,0
â°,0
Almarhum pakde punya banyak polo dan batik bagus. Suatu hari aku berkunjung ke rumah beliau setelah almarhum wafat. Bude memberi beberapa polo almarhum karena ukuranku ga jauh beda dengan almarhum. Baju lama almarhum masih banyak tapi yang,0
nyebelin banget centang biru komennya sama semua,0
2017 bundaku meninggal krn pecah pembuluh darah di otak. 1 tanteku dari pihak ayah malah terusÂ²an nanyain baju dan tas bunda bahkan katanya beliau udh tau mau baju yg mana aja tp gak aku kasih dan tanteku msh suka bahas itu sampe detik in,0
makanya sih eug belinya baju yg cegil2 beda bgt sm keluarga eug,0
Ka... I feel it.. sumpah waktu almh. Mamah aku meninggal 12 tahun lalu posisi aku masih kelas 5 SD aku udah pengen nyimpen barang barang mamah kayak mukena kesayangannya yg utama.. TAPI KELUARGA JAUH NENEKKU DTG DAN BAWAIN SEMUA BARANG MAM,0
Knp,0
awalnya gua tertarik ana ni thread tapi komennya isi cenblu semua anying jadi ga mood,0
Gila baju aja bisa jadi harta gono gini,0
Mirip dengan kejadian tanteku yang meninggal selama sakit hampir tidak ada keluarga dari pihak suami yg bantu rawat atau temani. Bahkan anak2nya pun se-ignorance itu. Tapi ketika meninggal besoknya ipar2nya langsung ambil2in baju tanteku.,0
Jadi inget waktu almh mama berpulang blm ada setengah bulan ada 1 temennya setiap ketemu aku pasti nanyain pakaian tas dia mau minta biar gak mubazir ktnya. Maklum mamaku emang suka bikin baju dulu dan hobi ngoleksi tas. Pokoknya tiap kete,0
Sepeninggal ibuku ga ada yg minta2 bajuya meskipun beliau pny cukup bnyk kain2 batik &amp,0
Deyymmm,0
lopploppp,0
Mk,0
Drama kah?,0
Bagus semua dan rapih,0
my parents divorce bokap gue tinggal dan bangunin keluarganya rumah dan ya meskipun gue anak satu-satunya gue ga dapat jam tangan 1pun yang mana notabenenya bokap gue mantan pejabat jadi ada lah yah koleksinya. Baju dia yang bermerk juga g,0
Gue punya 3 abang dan 1 kk cewe. Semua sdh pada berkeluarga. Salah satu istri abang gue meninggal dan abang emang pernah ada omongan klo baju/tas/sepatu istrinya mau dia bagi2in ke gue kk atau kk ipar gue yg lain. Cma dibalas sama kk cewe,0
Adaa gtu ya org kek si adiknya ini,0
Biasa ditemui,0
Dulu waktu mamaku meninggal kakaknya mamaku minta hpnya mama pas posisi jenazah mama msh di ruang tamu dan mau ibadah utk ke pemakaman. Dia bilang bsknya mau berangkat balik ke kotanya sama om ku yg nmr 4. Ku bilang gk bisa lah. Data nya m,0
Bisa ga ya org stop normalisasi ngasihÂ² baju alm ke orgÂ²? Iya bagus biar jd pahala jariah mendiang tp siapa tau keluarga mau simpan jd kenangan atau masih punya anak yg bisa pakai baju tsb.,0
Saran aja lebih baik baju alm istrinya kk d sedekahin aja ke org yg benar butuh baju itu lebih baik,0
Ini beneran?,0
gw ungkit si pasti kalo ngadepin manusia playing victim macem sarah,0
ð–ð‡ð˜ ðð‘ðŽð“ð‡ð„ð‘?,0
Alhm alm bapak saya karena ibesitas jadi ga ada yg muat di keluarga jadinya gak ada yg minta dn sampe skrg masih utuh ada semua kadang2 saya pake kalo lagi kangen.,0
Bejir banyak komen centang biru,0
Ternyata byk jg ya yg ngalamin.. tp kl sy mmg sdh akan dilungsurkan ke anak,0
Teringat almarhum bokap yang setelah meninggal baju bajunya yg tersisa hanya baju Koko dan sarung2. Ternyata adek bilang sebelum meninggal bokap yg kasih2kan sendiri bajunya ke orang yg membutuhkan..,0
sekalipun bajunya banyak juga klo gini ttep gamau tar kenangannya kurang,0
TERSERAH LU MAU BERANTEM BERPERANG BERMUSUHAN DENGAN SEMUA ORANG DI DUNIA INI. TAPI SAMA IBU LU SENDIRI MERENDAHLAH MENGALAHKAH PATUHLAH CUMA BAJU MURAH DAN BEKAS MASA MELAWAN IBU. BLOG.,0
Hmm gua gak tau sih menurut pribadi gua aja sih jujur itu orang emang nyebelin. Tapi kalo gua sih gua akan tetep kasih. Biar gak ada konflik gak ninggalin rasa benci ke alm. Dan mereka masih mengenang baik alm. Kasian gak sih takut barang,0
yapping apa lah ini buangsat,0
Setelah almarhum bokap meninggal bnyk org (dr keluarga dan dr kerabat dekat) dateng kerumah. Buat apa? Buat minta barang2 almarhum. Baju aksesori sepatu bokap itu bermerk. Dan gua sbg anaknya aja ga tau mereka udh ambil2in itu.,0
Seminggu sekali/2 minggu sekali saya ngadepin org macem sarah ada 4 orang apakah sy waras tentu tidak drpd sy gila lbh baik sy mundur teratur,0
Harusnya si suami almarhum bilang lu boleh pake baju istri gw tapi sekalian gw pendem dikuburan samping istri gw klo deal gw bawain semua nih bajunya . Gitu harusnya,0
Tapi emang yang katanya keluarga tu. Pada kaya gitu semua ya?,0
lah kenapa,0
Bisa buat anak-anaknya siapa tahu suatu saat mereka memerlukan.Tinggal bongkar lemari mamanya.Biarkan saja yang sudah tersusun rapi seperti semula.Kalau pun ada banyak yang ingin disedekahkan tinggal sortir saja.,0
Ya tapi apapun itu beliau adalah ibumu sendiri dan dia adalah adikmu sendiri.,0
jadi karena itu yaa alesannya,1
Sebagai orang yg beli baju bisa 15helai per bulan bikin mikir apa aku jual-jual aja ya pakaianku. Karena jujur akupun gak rela kalau dikasih ke saudara yg dirumah karena kelakuannya minus dan suka buat sakit hati.,0
hmm ribet bangwt ya,1
Ohhh jadi ngerti,1
Bagus juga ceritanya,1
Lengan ya kak,1
Mungkin buat kenang kenangan,1
takutnya pamali juga,1
Apakah ini kisah nyata,1
Ternyata begitu ya,1
kadang emang ada alasan nya tersendiri aih,1
Iya mitos aja deh kayanya,1
ohh gtu ka cerita nya,1
Ternyata begitu ya alasannya,1
ngeri juga si,1
jadi gtu alesannya,1
kok begitu sih yaa,1
Kisah siapa nih?,1
https://t.co/vEJClbBfGV,0
Nggak papa juga sih ya,1
Oh jadi begitu,1
Kenp emg kak,1
ini kisah nyata?,1
kadang emang buat kenangan ya,1
agak lain jir,1
hmm ya bs diterima sih alesannya,1
betul min jangan mau,1
wahh bagus banget ya,1
Enak banget yaa,1
loh emang kenapa ka,1
Ini beneran kisah nyata ya?,1
Wah jadi gitu y,1
menyimpan kenangannya sih,1
https://t.co/8Oi82XgeyZ pny klrg toxic.kl gw bpk gw yg suka minta2 duit2 melulu ke anak2.kl ga di kasi ngamuk2 maki2. Pdhl dia ga pernah kasi warisan.mlh hutang di mana2.orgnya malas kerja. Jln satu2nya cuma putus hubungan.anak2nya ga mau,0
wah ternyata ada juga ya yang begitu,1
Gue juga keknya gabakal kasih barang kesayangan ke siapapun itu,1
sinpen aja kak,1
Jd kenangan bnbttt,1
inii beneran real kah?,1
kenapa kok gitu,1
ini kisahnya dari apa bro,1
Ya di simpenn aja dah yaaa,1
Banyak banget baju,1
kenapa gitu yaa ka,1
Sedih banget sih ya ini,1
wah gitu ya ka,1
disimpan aja ya kak,1
still remember when my aunt died a few months back my own uncle actually has the audacity to ask for her phone from the passing's daughter. the f-king audacity,0
hmm ada ada aja ceritany,1
Emang kisah nyata yah,1
Ini beneran kqh kisahnya,1
kisah nyata ya kak ini?,1
waduh kacau bngt gitu ya,1
Agak seram ya kak,1
menurut ku sih GPP,1
Itu mah adiknya yang salah sih,1
jgn dikasi aja ya,1
serem banget ih,1
Yah tiap orang beda kok ga,1
Pasti ada alasan tertentu yah,1
makasih info nyaaaa,1
kisahnya serem juga ya,1
Kisah nyata kah ini,1
Hmm menarik buat dibaca,1
bingung si emg yaa,1
klo memang alm mau d sumbangin ya sumbangin aja tapi jngan kasih ke sarah,0
iya bener banget kak,1
hak juga sih itu,1
Jadi gitu ya,1
aduh ada ada aja yaa,1
Ini kisah nyata ya,1
pembahasan yang menarik,1
kisah nyata kah?,1
Sebenarnya tergantung pihak keluarganya si,1
kenangan ya kak,1
ini kisah nyata kah?,1
krna gamau aja ya,1
Duh bisa nya kaya gitu,1
Kisahnya Serem amat sih,1
Jadi gitu alesanya,1
Mungkin sebagian gapapa sisain yg buat kenangan,1
Trnyata begitu ya,1
bisa dibuat kenangan,1
Jadi adeknya manipulatif ya,1
Kisahnya serem amat nih,1
seperti dari kisah nyata kak,1
wajar sih buat kenang kenangan,1
seru ya perseteruannya,1
jadi biar asa kenangannya,1
Makasih kak ceritanya sangat menarik,1
Ya ambil jln terbaik lah hatiÂ² sama ucapan jgn sampai menyinggung,1
ini dari cerita asli kah??,1
Ya emang agak lain sih ya,1
Ya semua pasti ada alasannya kan,1
Wah disimpan terus ya Kak,1
ternyata ada uletnya juga yaa,1
Brokoli gue sih suka,1
padahal enak tau brokoli tuh,1
ya sama ak jg gasuka,1
Eh emang biasanya ada uletnya kah,1
aku ga suka sma sayuran,1
Tapi enak buat ditepungin,1
Padahal enak banget tapi bersihinnya susah,1
ihhh harus dicuci sih,1
ngeri ada uletnyaa,1
Ga begitu geli sama brokoli soalnya uletnya kecil gue traumanya sama sawi pakcoy pas dibuka satu satu ada uletnya gede bgt langsung merinding sebadan badan tu sawi gue lempar,0
kasih tau dwi @rsndewi ((ttp ngetag wlpn gprnh direply),0
Hah mosok ga tau teknik membuang ulat dan kotoran yg ada di brokoli hadehhh,0
Pdhl sawi lebih enak,0
Haha cenblu kabeh,0
Yg ditakutin itu ulet di daging mbak bukan di sayuran Lagian itu fresh ga mungkin busuk dan berulat,0
Aku malah cari yg ada ulatnya asal nyucinya bener insya Allah aman dari ulat kok.,0
nder udah nder malu,0
Aku suka banget tapi gamau pegang sebelum mateng jadi masakan. Trauma pas bantuin mama masak aku mau potongin ni sayur ternyata di selaÂ²nya banyak ulet ijo kecilÂ²,0
Ini sih namanya OCD,0
lucu bgt ada ya org yg fear mongering ke sayuran,0
tweet modal chat gpt,0
Kl ada uletnya berarti dia minim pestisida soalnya ulet aja masih mau,0
kan sumber protein dan gizi katanya dan mau diprogramkan itu kan?,0
Lah nder... Kalo nggak ada ulatnya samsek malah was2 kaliiii....,0
lagi2 cenblu asbun,0
Mama aku bangga banget dari kecil sayur kesukaan aku brokoli jadi dia beli Mulu walaupun brokoli tuh harganya agak lebih mahal dari sayur biasa lain wkwk. Masa pada gasuka sih? Kalo ditumis kan rambut2nya nyerep kuah sama rasa jadi pas dimakan,0
Potong kecil cuci. Ganti air rendam air garam. Keluar ulet hihihi. Aku makan brokoli keju aja udah enyak banget.,0
Ah mau ada dinosaurus nya juga brokoli 1 of the best vegetables for me,0
Ai banget tuh penjelasan,0
dulu aku suka brokoli skrg engga suka,1
aku ga suka itu sihh,1
ini yg bikin malas makan brokoli,1
Aku ga pernah sih makan brokoli,1
gua ga doyan,1
w suka kembang kol sih,1
SEMUA SAYUR AKU TELITIIN LIATIN APLGI BROKOLI YA,1
Gua gak suka itu,1
Kalau aku malah suka sih,1
Ya Allah padahal gua gak pernah ada kepikiran bgtu. Mana sering gua makan sayur brokoli. Skrg malah kepikiran,0
brokoli enak bu masalah ulet mah ada garam solusinya.,0
lagi-lagi apa? ya betul cenblu dongo yang cuma mikirin engagement,0
you tweeted this using gpt? and have no shame just to delete the gpt format and edit it properly?,0
Salam introgasi bund ï¸,0
justru disitu sumber protein dan vitamin tambahannya,0
Aku: protein + protein,0
Emang ulat bahaya?,0
Wkkw lagian brokoli direndem aja ato lggsg rebus nnt jg mengambang si uyet uyet entu,0
extra protein ituh,0
Cenblue goblok,0
mesti teliti sih dengan uletnya ini mah,0
ga suka makan sayur,1
duhh jadi geli kan ini,1
Jadi geli si yaaa,1
Baru tau ada uletnya,1
harus perhatiin dulu sblm dimasak,1
Takut ada ulatnya doang si,1
gue ga suka brokoli juga,1
Wah enak sih ini,1
Ngeri ada uletnya,1
tapi brokoli itu banyak manfaat loh,1
ogah banget sih kak,1
Wah ada juga ternyata ya,1
Aku juga kurang suka,1
wkwk sama banget gue juga gtu,1
Ngeri deh kalo ada uletnya,1
minimal format markdown dari chatgpt nya dihapus atuh bingung baca ada ### nya wkwkwk,0
Padahal enak banget yaaaa,1
Yang ada ulatnya bukannya malah organik,1
Kangkung juga kadang ada ulet nyaa,1
Padahal enak tau,1
tapi emang enak si rasanya,1
Harus teliti sihh inj,1
Harus direndem air garan,1
takut ya kak ada uletnya gitu,1
Baru tau kalo kol itu kadang ada uletnya,1
Sering kena prank. Dicek bersih. Eh tau-tau ada ulet wkwk,1
aku pernah nanem ih itu ulat nya banyak bgttt,1
Soalnya dia banyak banget resiko,1
padhaal itu enak loh bang,1
Sama Kak paling aku hindari,1
Geli banget sih,1
Aku jadi tau,1
harus lebih teliti lagi ya bersihinnya,1
Tapi ini makanan yang aku suka,1
Brokoli enak loh padahal,1
Lah ini mah kesukaan gua,1
ihhh geli banget sih ya,1
tapi emang suka gitu sih brokoli suka ada uletnya,1
Tkut kalo ada ulet begini,1
yang bersih cucinya kak,1
trauma banget liat ulet,1
Padahal enak banget lo itu,1
ihh gua gak suka sayur,1
Makasih ya atas informasinya,1
geli banget sih,1
ternyata gitu ya ka,1
Wkwk man fua jg g suka,1
padahal sih enak ya,1
ihhh geli tapi ada taktik nya itu ngilangin ulat,1
Aku gak suka itu,1
makanya aku gak pernah mau makan sayur sama sekali,1
aku suka sih klo ini,1
njir aku suka banget,1
trauma gua juga takut ada ulet,1
Iya udah dibelek semua Masih ada aja uler,1
aku nggak suka banget brokoli,1
Karena ini nih jadi ga suka makan brokoli,1
Aku suka tapi ribet aja ngolahnya,1
uletnya itu lhoo bikin geli,1
Ulet itu cm makhluk kecil. Dipanasin mati. Dan dimakan aman. Kandungan cm protein. Lagian semakin banyak ulat/bekas ulat artinya brokoli alami ga banyak pestisida,0
Gw mah bodo amet. Males ribetin ulat doank kek lo bakal mati aja makan ulat. Paling ribet cuman gw rendam aja ama air garam atau sabun food grade. Lagian dimasak juga mati.,0
muak liat cenblue monet,0
Ngeri sih kalo ada uletnya,1
Wahh baru tauu,1
eh bjir emg ada uletnya kah.. aku klo nyuci ya ku cuci sampe bersih gitu soalnya klo kepikiran gitu jadinya gk doyan,1
anjir kok bisa sih ada uletnya ya,1
ribet bener dahh,1
Sumpah ulet nya kadang ga keliatan,1
jadi geli kan ini,1
Jadi brokoli itu bahaya?,0
Heran sm oeg yg bilang ribet ini itu. Tinggal potong agak kecil masukin air garam tunggu beberapa menit dan bilas abis itu ya rebus. Idup udh ribet kok dibikin tambah ribet,0
straight from gpt ya kak penjelasannya? kaowkwow,0
CENBIR BISA STOP BIKIN A THREAD PAKE CHATGPT GA??? KALO ADA DUIT HASIL ENGAGEMENT SISIHKAN UNTUK BELAJAR LAGI DEH!,0
Ih kok gitu,1
Padahal enak banget yaaaa,1
Ngeri banget kalo banyak uletnya,1
brokoli tuh gaenak bgt anjir sumpah dah,1
karena daunnya itu bisanya bisa menutupi ulat nya ga sih,1
Harus direndem pake air garem kan,1
trnyata ada uletnya yh,1
Agak gimana gitu ya,1
Emang bnyk uletnya si,1
makannya takut gw kalau makan brokoli atau pun bunga kol,1
duh jadi geli kan ini,1
Enak banget sih ini,1
gua juga gak suka sih,1
ulet apa sih disitu,1
padahal enak banget loh,1
Yaelah masak gara-gara itu harus dihindari? Tinggal lo rendem pake aer garem 10 menit sebelum direbus juga tu ulat udah kabur. Lagian tu ulat2 menandakan brokoliny gK pake pestisida broooo.. Hadehhhh..,0
Jadi cewe ngapa tolol amat ya,0
Harus bisa ngolah nya sih,0
Jadi protein tambahan gak sih..,0
Bukan pke chat GPT kak??,0
Berarti sayur nya bagus dong asli no semprot semprot pengawet.,0
Rendem air garam dulu...hihihi,0
Lebay kontol,0
Semprot baygon dulu kak biar uletnya mati,0
Tinggal direndam air garam uletnyaa pada mati sendiri sih lagian kl ada uletnya berarti ga di semprot pestisida kan lebih aman,0
Jujur pasti ada campur tangan azab dan karma but itu kembali lagi kecelakaan dan musibah,1
Sebenarnya turut prihatin ya sama kejadian ini tapi lihat ada berita kalau suaminya bilang pergi perjalanan dinas dan ternyata ditemukan tewas sama LC ngerasa kalau azab itu emang beneran ada,1
berarti azab itu nyata ya,1
tapi kasian tetep,1
emang azab apa?,1
bingung sih ya pasti ada penyebabnya tapi ya bisa jadi juga,1
yaallah semoga cepet membaik ya,1
serem juga sihh,1
emang uda takdir guys,1
Emang karena azab ya ini?,1
klo itu ma udh takdir ajaa,1
Ga boleh gitu ya,1
Hanya tuhan yg tau,1
psti ada sebabnyalah,1
Iyaa bener sih karna azab,1
ya Allah miris banget,1
hanya Allah yg tau ya,1
Serem juga ya,1
bukan ranah kita buat judgemen gt,0
Ngeri banget aku kalau nonton video kebakaran kemarin,1
percaya ga percaya si tapi pasti ada penyebabnya,1
Azab atau enggak presepsi masing-masing ya. Menurut gw sendiri ga ada sesuatu hal yang terjadi karena Azab pasti banyak jg orang-orang disana yg bekerja untuk menafkai keluarganya. Jangan hanya ambil sisi kecil untuk kejadian besar. https://t.,0
udah garis takdir mestinya terjadi sih kata gw soalnya kita gak bisa judge juga,1
gak tau gua,1
Apa apa disangkut pautin azab,1
dikit dikit azab ini mah sekarang,1
kalau uda dikaitkan dengan Azan hanya Allah lah yang tau,1
aku gak ikut ikut deh kalo bahasan ini,1
azab Nya tuh kayak gimana sih,1
waduh karena azab,1
alfatihah buat para korban,1
krna azab yaallah,1
Hmm ya emang musibah ajasih,1
disamping itu gw turut berduka si,1
Doa istri selalu dikabulkan kak,1
nah bnr serem jg,1
ini serem juga ya,1
jangan gtu pliss ubah dong kaa cp nya,1
Gimana yahh bilangnya,1
Semua musibah di kata azab kah?,1
Turut berduka cita kepada keluarga yang ditinggalkan,1
Itu semua urusan allah yah aku ga bisa membuat penilaian,1
hemm gimana ya no komen deh,1
wkwkwk ada aja kocak bawa-bawa agama,1
entahlah aku pun gatau kak,1
kalo org ngomong gitu gue takut mau komentar,1
gatau sih gua ka,1
Bisa jadi iya,1
Saya kontes ini nyimak dulu aja,1
hmm gak tau sih kak aku ya,1
Urusan tuhan itu mah kak,1
Aku gtw gmn,1
di tegal udah 2 tempat karaoke ++ kebakaran. ati-ati aja gak usah ke tempat yg gak ada faedahnya,0
kalo emang karena azab mari kita berdo'a agar agar gedungÂ² kantor para pejabat korup kebakaran juga termasuk para koruptonya tapi orangÂ² baik yg kerja di sana tetap diselamatkan.,0
Kalo menurutku sih lebih karena api.,0
Kew3x indon2. . .,0
wtf,0
Disebabkan api menurutku,0
Sudah takdir kematian mereka seperti itu mari kita doa kan saja mereka yg telah menjadi korban dalam tragedi kebakaran itu alfatihah,0
Setau saya kebakaran di glodok karena api kak,0
duh ngeri banget ya,1
Kalo aku sig gatau yah ka,1
no komen deh yang pasti musibah bisa terjadi di mana aja,1
Ngeri amat dengerinya,1
Temen ta iki â€,0
Ternyata gitu ya ka,1
Hanya tuhan yg tahu...manusia tidak bisa judge itu apa...kita cukup mendoakan saja semoga mrk di ampuni dosa nya ...Husnul khotimah,0
Janga bilang seperti itu dehh yaa. Tolong doa kan saja yang terbaik untuk para korban ya,1
Antara percaya ga percaya sih,1
azab terusss kapan gedung DPR kena nuklir,0
Apaan si goblok,0
azab gimana maksudnya kak,1
kok bisa-bisanya sih bisa kena azab kayak gitu sih ini,1
Azab gimana maksudnya kak,1
jadi penasaran aku nih sama kisah lengkapnya,1
Aku udah lihat videonya ngeri banget,1
YaAllah miris bngt ys,1
Susah kalau sudah di kaitkan dengan azab,1
Hanya Allah lah yang tahuu,1
susaah sih kalau udah dikaitkan ke azab tuh tapi pasti ada penyebabnya bukan karna pure azab,1
Aku mah nyimak aja deh,1
Waduh gatau deh min,1
Bisa jadi sih karena itu kan tempt hiburan mlam kan,1
Bisa jadi sih kak,1
karena kebakaran pasti sih,1
emang udah takdir guys,1
Ya ga boleh gitu sih,1
ya gaboleh gt juga dong,1
mungkin emg dah takdirnya,1
urusan yang di atas,1
Bisa jadi sih ya,1
Hanya Tuhan yang tahu,1
Gak begitu ngikutin kasusnya sih,1
ya allahu alan,1
gausah dikait-kaitin deh,1
Gatau juga sih karena udah takdir Allah,1
klo ak mah sih keknya yaudah takdir aja,1
Gak bisa bilang gitu juga sih karena wallahualam,1
duh no komen deh,1
bisa jdi sih,1
Kok bisa ya gara gara apa kebakaran itu kak),1
Ngeri banget sih,1
Scripted,0
Wallahu a'lam bishawab,1
Orang kemesjid mau apa? Orang ke peprustakaan mau apa? Orang ke diskotik mau apa?,0
Ya ampun ngeri banget ya,1
Azab? Gedung parlemen masih berdiri tegak.,0
Menurut keyakinan ane Bencana Bagi : Orang yang beriman itu Ujian Orang yang lalai itu teguran Orang yang Maksiat itu Azab.,0
ciri khas pembahasan warga Indonesia,0
Tuhan mengazab yg sedikit tp rahmat kasih sayang-Nya menyelamatkan yg banyak...jika mereka (yg banyak itu) mau berfikir.,0
WAJAR... Kecuali bagi yang tidak Beragama.,0
dikit dikit mistis ah,0
kalau dikaitkan ke situ berarti hanya Allah yang tau,1
Gatau sih kalau disangkutin sama azab ya,1
Maksudnya gimana sih aku nggak ngerti,1
namanya musibah gitu,1
gak blh gitu ya,1
gatau juga si tp sedih,1
Udah takdir Allah kak,1
serem juga sihh,1
hah seriusan ngeri banget,1
aku pun gabis menilai sih,1
Gaboleh gitu juga sih,1
Sedikit sedikit di katakan azab....ampun deh,0
halah,0
nyimak dulu aja deh kak,1
bagi orang religius itu azab bagi orang yang skeptis ya kesalahan teknis listrik/human error.,0
bisa jadi iya,1
Semuanya aja kena azab,0
ya udah takdir aja loh,1
Ini g settingan kan ?,0
hah no komen deh,1
jangan kaya gtu ya,1
Ga semua hal itu harus dikaitkan dengan azab,1
musibah ini nder ada yang gak salah juga kena jadi korban itu,0
Wah kayanya sih,1
emang gimana ya mungkin azab ga sih,1
Glodok hebat ajap,1
Hwm ga tau jg kak,1
Sama halnya sama banjir itu azab karena manusia serakah dan tidak peduli lingkungan,0
udah takdir aja ga si,1
Tragis juga ya kejadiannyaa,1
Klo ini namanya bisik bisik,0
nah ini bukannya malah jadi kek radio kurang energi,1
jancccuuuuuuu ï¸,0
Kalo yg pinter kalimat diatur itu well spoken.... Kalo soft spoken ya gentle pelan ngomongnya.... Bukan cuman suara tp intonation dll.. Contoh kayak nikita willy itu soft spoken tapi kalo kayak karakter nya merriam belina yg sering lewat triak2,0
aneh banget orang bener kok nadanya direndahin. https://t.co/O8LHNJujR7,0
IYA LOH ANJIR,0
kalo orang sunda: mangga ieu dihakan gorenganna koplok hatur nuhun anying,0
nah soft spoken tuh ga kasar,1
Ngomong kasar tapi nada nya rendah wkwkw,1
Kalimatnya d atur mah itu POLITISI Yg ngatur gmna cara menipu dengan kata2 yg enak d denger dan d cerna tp busuk,0
Kalau punya google mending searching dulu daripada menyebarkan informasi hoax https://t.co/QD5Ce9HbYE,1
Yang penting mah kedengeran kan,1
pake suara rendah bukan volumenya dikecilin,1
banyak yang salah sangka ya,1
iya woi bener jan salah,1
Wkwk ngakak banget dah yang salah paham,1
NAH INI gelay klo dgr cowo suaranya di imutin biar jd soft,1
Hati-hati yang sama kayak gitu biasanya manipulatif,1
Tolong dipahami lagi ya soal ini,1
Banyak yang salah paham deh,1
wkwkkw ngakak iya juga ya,1
Banyak yang salah paham kayaknya,1
ahahhaa malah jadi gak denger,1
slaah ngartiin yaa,1
Keduanya tapi perlu,1
Salah kira terus pasti ya,1
Ini harus paham,1
yang penting kedengeran,1
Haha siapa yg begitu tu,1
wkwk iyaa lagi ah,1
Iya jir ga semua soft spoken suara nya jadi kecil,1
nah bukan dikecilin aja yaa,1
Malah nggak kedengeran jadinya,1
Kalimatnya diatur sebaik mungkin,1
itu mah tipes jir wkwk,1
banyak yang salah kaprah selama ini,1
bener banget emang kalimatnya yg harusnya diatur bukan nadanya yg dikecilin wkwk,1
iya tuh bener wkwk,1
Nah kata2nya itu pake bahasa yang bagus,1
WHAHAHA SIAPAAA YANG GITUU,1
INIIII,0
Suami gw paket komplit. Ngomong diatur iya suaranya lembut juga iya. Asli tanpa dibuat2.,0
betul,0
FYI pita suara orang ada beda2. Ada yang kalo sekedar ngobrol harus effort naikin suaranya jadi kaya harus teriak dulu ada yang suara normalnya udah keras/toa jadi kesannya ga santai atau mesti dipelanin biar calm . That's why soft spoken = havi,0
NGAKAK,0
gak ngoros aku celometan tokk,0
kebiasaan maen bahasa bukan sastra,0
Udahnya kita rada budeg kecil pula itu suara,0
tp menurut chatgpt kek gini by https://t.co/MVgknUlQTX,0
nah ini. lucu bgt org ngegas tbtb ngomong pelan dibilang soft spoken tp yg keluar kata2 nya ttp nyakitin,0
Dua duanya harusnya meg,0
Nadanya dikecilin mah laper bangg,0
Satu hari satu cenblu farming engagement dengan opini tolol,0
Ga banyak yang mudeng,0
nadanya dikecilin mah tipes,0
iya anjir kek ngomong sama org tipes jadinya,0
Makanya kemaren ada yg bilang kalo mau dapet cowo soft spoken pastiin gak budeg . Kek HAH??! Soft spoken itu lebih ke konteks omongannya pls.,0
iyawoe gw selalu dibilang soft spoken padahal cuma suara gw aja yg kecil cukkk padahal kalo ngomong juga tanpa filter,0
Itu well spoken bukan sih?,0
iyaa kocak yg ga ngerti ngomong lembut dikit aja dikira soft spoken..,0
tutorial soft speaker nya,0
itu mah headset 10 rebuan alias volume kecil,0
IYEEEEER BENER BUKAN YG MENYE MENYE JG..................,0
WKWKWKKWK jdi ngebayangin ngomongnya kasar tp namanya kecil,0
Kalo tiap mau ngomong berarti harus di parafrase yaa?,0
komedi apa ini?,0
Harus SPOK,0
Kalo kalimat diatur teh lebih ke wise gak sih,0
wkakak maAf,0
@kkuromieyy duta soft spoken,0
siapa,0
Nah! Betul bukan kaya lagi kurang darah,0
tapi biasanya orang yang soft spoken itu nadanya pelan.,0
Kalo ngomong ny blibet tp nadanya kecil bukn sopspoken kh?,0
Kalau dikecilin bukan soft spoken itu lowbatt,0
Nah! Soft spoken bukan asmr,0
haha iya banget ngomong isinya sumpah serapah tapi pake suara kecil ya sama aja boong ttp badword itu,0
aga beda sih emang https://t.co/0pdhgMiGmz,0
jadi kaya ï¸ANJG LUï¸ï¸,0
jd jibar itu bukan soft spoken,0
@indhexxi WKWKWK,0
@splingky,0
WAKAKAKAKKAKA,0
@sanggiia baca dah,0
bukan ngomong matane dengan volume kecil mb @sebutsajathals @phytaaaaa,0
NGAKAK BGT,0
Gw orang Sulawesi mix Ambon punya sepupu orang Ambon besar di Papua. Gw bilang ke dia kaks coba ko coba soft spoken ko kan guru. Coba lembut sedikit dia bilang oke besoknya dia bicara tapi suara dikecilin. Seharian gw ngerasa gw lagi di ancam se,0
Iya kalo nadanya dikecilin = gosip,0
iya woii,0
Nah benar harus dipahami ini,1
atur sebaik mungkin,1
iya bener banget gue kan budeg,1
ya banget sih kak,1
kirian kecill bgt,1
ada yg ngertiin gitu kah,1
Oh jadi begitu ya,1
Ekwkek bener anjir org salah kaprah mlu,1
wkwkwk iya anjing knp pd ngecilin suara ya,1
wkwkwk bener banget ini,1
Banyak yang salah kira ya,1
Iya g tau ya mereka,1
wkwkkwwk malah haharewosan,1
paham ga sii pada,1
WKWKWK NAH INI LOH BKN PERKARA NADA SUARA,1
betul banget nih jangan salah paham,1
nah iyaa bener banget,1
Iya kalimatnya di atur yaa,1
Kalimatnya dipilih yang terbaik,1
Nah itu bener banget wkwkw,1
Nada dikecilin tp isi omongannya caci maki merendahkan dll bukan soft spoken atuh,1
Kalau udh muak sma kelakuan manusia yg dasarnya selalu ngatur kata ini makin teratur dengan kata-kata sarkas.,0
dear cenblue this is cambridge btw https://t.co/eiu34f1lDq,0
Kayak Ade rai,0
Orgil emang orang2 tiktok,0
Jangan salah paham ya,0
hahahanjir,0
Oh pantes aku di bilang soft spoken sama temenÂ² adikku.,0
nahhh ini,0
Hahaha,0
@kkhaaals,0
AHAHAHA BANYAK YG SALAH TANGGAP,0
Nah iya bener itu,1
Banyak yang salah paham ya,1
SETUJU,0
nahh iyaa tuh,1
bener banget yang susah itu atur kalimat yang bagus. kalo nada dikecilin mah tv tabung juga bisa bang,0
ngakak ajg,0
Wkwk iya atur aja kalimatnya,1
Wkwkwk kalo dikecilin mahbkan soft spoken,1
Banyak yang salah paham deh,1
kata-katanya juga wkwkwk,0
Lucu bgt,0
Bukan cuma lirih lirih ajaa,1
Ya emang gitu,1
masa iya begitu ?,1
Wkwkww ketawa bgt ngebayangin,0
wkwkwkwk,0
hahaha iya kocakkk,1
bnyk yg slaah sngka ya,1
di jaga kata katanya gesss,1
wkwkwk pls iya bangett,1
yang penting kedengeran jelas ya,1
nah bener banget ini,1
nahh kalimatnya yg diatur ya,1
ahaha ga gitu juga la ee,1
naahh iyaaa bener yg diatur kalimatnya,1
mau nangis karena marah &amp,1
Kadang tuh memang korban seperti ini bingung ceritanya harus ke siapa lagi,1
ini setan juga insecure,1
Eh parah banget lo ini,1
ya allah tega banget sih,1
Parah banget itu,1
Astaga aku ngga bisa ngebayangin perasaam keluarganya kenapa pada jahat banget sih,1
sedih sekali Poor Miryang,1
Njirr lah wkwk,1
ya allah ko tega bgt si,1
yaallahhh nuiii bukan mnusia sih,1
Ya Allah mirisss bangett Ga tegaaaa,1
setan juga minder sih ini,1
kisahnya ngeri kasian korbannya,1
Dia udah jadi korbann tapi kenapa harus ngajak adiknya sih asli tega banget,1
udah gila kasian banget korbannya yaAllah,1
Serem banget anjirr iniii,1
Gila banget sih itu,1
sumpah kasian banget,1
kasian banget adek nya,1
bngst bgt ya,0
yaallah kasian banget,0
pocili di kota sampah sampe kota maju sama sama jadi hama ya,0
Korsel udah rasis bejat lagi,0
Masih 41 saja nangis Lilly phillips ngewe dengan 100 orang sehari malah minta 1000 cowok,0
Korea kalo soal hukum kayak taik.,0
kak ayo bahas ini @nessiejudge,0
Beneran India versi Asia timur bentar aku muntah dulu.,0
yg gini gw ga sanggup baca detail... cm pgn pelaku mampus aja si uda ckp,0
The real villain: ayahnya Miryang.,0
ngerj bangettt iiiii kok bisa bisanya woeee,0
Junko Furuta Korean version,0
Your thread is creating a buzz! #TopUnroll https://t.co/pUgIg9A54C @uyonology for unroll,0
Sama seperti di negara kinokino di perkosa 11 orang malah di sebut lonte,0
LU SHARE MUKA PELAKU SEBAGAI THUMBNAIL ANJING BUKAN MUKA KORBAN!!!! TOLOL,0
dijadiin toilet sperma bjir,0
Klo cerita ini kaya kondisi negara ini hari ini ya. Brarti kita tertinggal 20th dr negara2 maju,0
w,0
ww,0
stress,0
Pantesnya di keprukin pake batu kepala 41 orang itu,0
Sinting,0
Gak kebayang kalau dia tibaÂ² balas dendam kek glory.,0
Di mana kader parcok kelakuannya 11-12,0
Bejat,0
Korsel dulu juga india ya bang,0
Jadi inget yg di indo juga ada kasus begini yg cewe nya jualan gorengan miris bgt padahal masih kecil,0
Laki-laki tidak bercerita laki-laki tidak punya teman,0
bejir gila smpe 41 laki,0
Kejam banget ya ini,1
Astaghfirullah umur masih kecil tapi otak udah kriminal gitu. Mana cuma dihukum 4 th aja. Kasihan para korban dapat trauma seumur hidupnya,0
jahat banget se tega ituu,1
Astaga jahat banget kasian korban,1
gila ya gapunya hati,1
makasih infonya kak,1
Kasihan banget Masih 14 tahun,1
miris banget liatnya,1
Yaallah tragis banget kisahnya,1
anjir jahat banget lah,1
Ah ini kasus nya ap sih,1
Ngeri jga yaaj,1
Kisah yang tragis ya,1
aduh ngeri bgt si,1
Wah ngeri juga ya,1
Ngeri kali weh,1
bused kek gmn itu traumanya,1
heh tragis bangett,1
Ya allah kasian banget 41 loh ajggggg,1
njir ngeri bgt ya allah itu 41 anak lakiÂ² selama 11 bulan,1
Sumpah ini biadab banget kak,1
pelakunya smpe puluhan astaga,1
ya ampun nyesek banget bacanya,1
ya allah sedh banget baca nya,1
Nggak kebayangnya trauma jadi dia,1
Ngeri banget sih ini,1
jahat bgt ya allah,1
Baca ini sambil istighfar kok kejam banget,1
Dih kasian bgt ya,1
miris banget,0
Kalian mmg suka sama korean kan..ganteng2..Sisi gelapnya kalian gak tau ya.Kalau orng korea itu nafsunya kuat bangat kayak binatang.Klau gak caya cuba kalian datang itaewon https://t.co/veSZQ7pHcv gitu mabuk2kan dan udah jadi kawasan pelacura,0
udahh nonton filmnya sedihh bgt,0
YA ALLAH,0
sediih :(,0
G,0
Kes ni ada kaitan dengan Kes Tzuyang .. kes Tzuyang ni banyak betol plot twistnya .. admin try lah buat tweet kes ni ...,0
......,0
@nessiejudge,0
sedihh bgt ga adil,0
@HirotadaRadifan bagus nih bang,0
41 satu laki-laki. Kalo dipenjarakan cape banget ga sih. Tembak aja langsung kepalanya.,0
Shock berat bacanya,0
Menyedihkan,0
Sedih merinding ngeri Ternyata udah diangkat dalam film kisah nyata https://t.co/c5iFWoAiDu,0
Astaga,0
Balik gawe ningali twit siga kieu haduh,0
Knp klo ada kasus pelecehan PASTI ada aja SETAN yg blg Makannya jgn ngundang Lama bgt waktunya. Menikmati itu mah,0
Baru tahu beritanya ini,1
Parah sekali sih klo gtu,1
yaallah miris banget ini,1
psycho ni cewe,1
Aku baru tahu nih kak,1
Ya Allah jahat banget sih,1
gila banget kelakuan mereka lebih dari setan ini mah,1
aduh ya ampunnn,1
anjir ngeri banget,1
Didalam rumah pun tetap ngga aman ya . Alhamdulillah ibunya ngga kenapa-kenapa,1
Astagfiruloh kualat nati ntu maling nya biarin aja apa lagi si ibu lagi sholat doa nya akan Allah kabulkan maling kena karma.,1
astaghfirullah kok orang pada jahat ya kasian banget ibu nya,1
eh kenapa ga dikunci,1
Ya Allah kok bisa jadi langganan gitu tapi Ibu nya gak kenapa2 kan ya.,1
orang lagi solat di curi mampus aja langsung dosa bejibun,1
Ya Allah... Bisa-bisanya lagi sholat dirampok,1
waduh parah banget deh ini,1
gak jelas banget anak muda nya itu kak asli dah,1
Kasian banget ibunya,1
gila tega banget sih,1
Astagfirullah semoga malingnya dapat Karma yang setimpal dan ibunya dijauhkan dari hal-hal seperti ini,1
itu pencuri nya ya?,1
Ngeri bat yaa,1
Astaghfirullah gitu amat,1
Ya ampun kok tega banget ya ngerampok itu,1
berfikir logika aja ya itu di jam cctv nunjukin 4.33 dan cctv biasanya menggunakan waktu WIB dan selisih waktu hampir 3jam kalo gak salah berarti di sana udah jam 7 dan dia sholat kemungkinan ny dia ibadah isya' di jam segitu kenapa ga tutup pin,0
aku nyalahin polisi yg ga pernah gercep nanganin ginian... SAMPE 4X berarti pelaku kan selalu keliling di sekitar situ masa ga ketangkep2? tetanggany juga ngapain? anggota keluarga lainny jg ngapain??,0
Yok 2025 normalisasi bunuh maling bakar jgn pernah dilepasin apalagi diserahkan polisi. Kalo diserahkan polisi sama aja goblok maling miskin ga punya duit ya dilepasin SM polisi Yok normalisasi BUNUH MALING / BAKAR MALING,0
BANGSAT AKUN CENBLUE DISINI. MUSIBAH SI IBU DIJADIIN LADANG TRAFFIC JUGA KAH? TOLOL CENBLUE GOBLOK,0
Gue kadang greget banget sama komenan cenblu kalo kasus kaya gini iya tau kalian saling engage tapi ya mikir dikit kek komennya.,0
Yang nyalahin ibunya gws anjing tolol klen smua,0
suka banget sama respon orang di x di tiktok malah pada ngatain ibunya pdhl jelas jelas itu ada kursi roda,0
Jangan nyalahin emaknya aja padahal keliatan dia lg sakit harusnya ada keluarga/orang yg jagain tau hp udh kecolong 4x kasih tindakan apa gitu,0
Ibu ini lumpuh guys yang nyuruh ngejar mending lu beli otak ama mata dah,0
Ya Allah,0
Sumpah bahaya banget ya,1
sumpah jhat banget orang tuh,1
Ngga punya akhlak emang,1
Astaga tega banget ya ngerampok orang lagi salat,1
yaAllah jahat banget mana itu ada kursi roda ya? maaf apakah ibuknya sakit? kasihan banget yaAllah,1
ya allah pdhl beliau lagi sholat loh,1
Nekat banget ya orangnya,1
ya allah berarti sering bngt smpe 4 kali di incer udah bertindak belum ini pakpol ?,1
Jahat banget sih orang,1
sumpah bahaya banget ya,1
Ada kursi roda di samping. Berarti ibunya disabilitas? Tega banget pencurinya. Sampai 4x juga.,0
melihat barang-barang di kamarnya dan posisi shalatnya di kasur sepertinya ibu itu sakit stroke. kemungkinan si pencuri tau kalo korbannya sakit jadi sasaran berkali-kali.,0
dr video si pencuri bs seberani itu krn si ibu disabilitas kah? itu ada kursi roda soalnya. geram bgtttttt!! asliiii,0
Sing sabar nggih Bu..,0
Udah diincer keliatannya. Maling udah tau kondisi korban yang disabilitas dan ga akan melawan. 4 kali kaya gitu udah jadi bahan omongan seputaran maling.,0
Purnomo polisi baik mana nih tolong bilangin koncomu di Jayapura suruh kerja udah 4x loh,0
Setann bgt bjir malinge,0
wah gila sih,0
ya allah 4 kali,0
Kata tmn2ku yg di papua emng maling disana tu udah kek makanan sehari2. Sering banget disna org kemalingan tuh. Jd udh pada pinter2 maling2 disana. Apa aja yg bisa jadi duit pokoknya diambil smpe ayam aja mereka juga doyan ngembat.,0
Hadeh,0
Dasar polisi,0
Jahat bgt sumpah semoga di bales allah,0
Pintu depannya terbuka?,0
yang kayak gini gw dukung warga main hakim sendiri,0
Kasiaan bgtt ibunya jg gabisa ngejar kayaknya ituuu gua lihat aja dikamar beliau pkai kursi rodaa BIADAAABB BGTTT!!,0
Udah 4x kok ga dikunci pintunya?,0
Ini orang2 yg nyalahin ibunya jangan sampe ibu lu atau bahkan elu sendiri ngalamin juga. Mikir anjir orang itu ibunya ada kursi toilet gt jahat banget lu yg nyalahin sumpah gajelas bgt,0
gpp bu selain cctv allah jd saksi lg solat aja bisa2nya bajingan,0
Serem,0
Santaai banget rampoknyaa yaa,1
dengan sopan nya si bangsat,1
semogaa tobat abiss di gebukin warga pencurinyaaa,1
tega banget ya rampoknya juga,1
kenapa ga tutup pintu?,1
pasti udah diincar dari lama tuh,1
Duh ko bisa si,1
ngeri banget sih ini,1
Padahal lagi solat ya Allah,1
Kok tega banget sih,1
ya allah bisa di rampok lg sholat,1
yaallah padahal lagi sholat loh,1
Bahaya juga yah,1
Astagaa kok bisa sihh ya Allah,1
Jahat bgt yaa orng2 ini,1
Innalilahi wa innailaihi rojiun,1
ya allah gila sih lagi solat loh ibunya,1
tega banget ya,1
ga ada otak emang,1
stress sebulan udh 4 kali,1
@valiisaa Kayaknya ibunya punya masalah mobilitas fisik coba lohat barang disekitarnya,1
@gagal_gantengs Goblok,0
@gagal_gantengs Empati dan otaknya d pakai bwanggg,0
Itu nenekku guys,0
@chocozelnutreo oon,0
@gadisssmelayu Diem lu cenblue tolol,0
@gadisssmelayu yee tolol,0
@PolresJayapura,0
Astagfirullah ya allah hanya engkau lah yang bisa menghukum pencuri tersebut,0
Kerja yg bener tolol,0
Anj berani banget,0
@ahriesonta om ayo dong ini kasian sih,0
@rayhanardiya_19 @tutorapg eh kt gue hati hati ya.. ini di kota loh,0
Di rampok monyet,0
Sedih banget asli :((((( . Dunia jangan jahat jahat yah :(,0
Up,0
Tidak aneh namanya juga kampung mooooooooooooo ya itulah. Yang sabar bu semoga mereka cepet mati.,0
Pusing banget gua liat cenblu semua,0
Sama kayak bu de blkg rumah mertua,0
astaga,0
ini tuh rumah kosan atau apa? kok serem bisa mudah bgt masuk nya tuh pencuri,0
kok tega,0
ya allah jahat bgt ituuu ibunya keliatan susah berdiri padahal,0
yaallah emg gada org disana,0
Bisa dilihat barang-barang di sekitar kamar kayanya ibunya ini sakit sedih banget,0
Kasihan bgt ibunya Gk bakalan tenang hidupnya ntu maling,0
Nyalse kitu jirr,0
sesek dodoku ya alah,0
Ibunya lg stroke kah?,0
Gak ada petugas pak disana? @DivHumas_Polri,0
Ibu nya itu sakit loh adamkursi roda buat bab semoga Allah hapuskan dosa2 ibu itu serta musibah yg ia terima dijadikan ladang penghapus dosa,0
Harusnya lapor polisi bu,0
Buruk rupa buruk klakuan,0
wlaah babik,0
SDM anak domba,0
Astagfirullah ya Allah ga tega liatnya T+T,0
Orgil bgt lu umang umang,0
Sempat sempat nya ya,0
Dih,0
ya Allah orang2 ini yaa ga ada takut2nya. kasian ibunya lagi sholat,0
Sama tiap interview auto ngeblank padahal kerjaannya bisa banget,0
Ga bisa jawabnya yah,1
bener banget kenapa harus ada interview? kenapa ga diganti trainee aja langsung,1
bisa kerja tp aku petite,1
Sama aja ya,1
karena mungkin ga terbiasa ngomong sama orang banyak ya jadi ngerasa susah interview,1
interview nya yang bikin ngang ngong ya,1
Hahaha ngeselin banget,1
kayak gagal di interview padahal bisa kerja,1
Iyaa kak sama aku jugaa,1
Interview bikin gugup deg2an sin managerku bilang kalo aku kerjanya paling bagus tapi pas liat aku interview waktu lamar kerja jawabannya kayak ngasal ya gimana ya dibilang ngasal si ngga cuma karena gugup jadi perbendaharaan katanya jadi acak,0
Males banget interview,1
pls sama kak ga suka,1
iya anjir info loker yg ga interview,0
aslindah sama gua juga gitu,1
Cobain aja dlu interview kan cuman jawab pertanyaan doang,1
aslii bisa ga ya sistem rekrut tuh diubah dikit krn interview ga sepenuhnya bisa merepresentasi kemampuan kerja orang.. bisa ga dibikin ksh tugas aja gitu atau + interv jadi satu tahap tapi penilaiannya lebih besar di tugas :)),0
ngang ngong banget,1
gugup banget kalo interview,1
Sumpah sama banget. Gw berkali2 interview ga ada yg lolos. Padahal pengalaman kerja oke bgt gw bingung bgt hrd tuh nyari yg gimana sih?,0
iya njir,0
ya allah retweet,0
Skill komunikasi gua baik cuman pas interview ngeblank,0
Makannya CPNS itu enak bgt soalnya ga ada interview,0
Aku juga selalu gagal di tahap interview krn mmg tipikal orang yg susah buat mengungkapkan sesuatu.,0
syalan,0
asli dah gw malas,1
tujuan dari interiview itu apaa sih? serius nanyaa,0
Suka nervous ya pas interview,1
Bener bgtt ya allah,0
sama suka grogi banget kl interview,0
cape banget gagal di interview mulu,0
pusing pala gua mikirin kata kata buat interview pls,1
Wkwk pasti deg degan ya,1
omg aku banget,0
dem,0
Eh penasaran interview tuh gak ada yang bentuknya kayak kerja kelompok kah? Kayak diskusi kelompok gitu wkwk. Misal perusahaannya ngasih satu case terus didiskusiin langsung sama beberapa pelamar. Terus nanti perusahaannya bisa liat pelamar man,0
Deg deg an,0
Terakhir interview ama millenial. Beuhhhhhh judes jutek kali lah mimik dan gaya bicaranyaa wkwkw,0
pls,0
Iya banyak sih yg bgtu gua yakin,1
latian banget buat interview,1
deg deg an tiap mau interview,1
ternyata aku ada temennya,0
iyupp betul susah,1
Bener lgi,0
Iya interview takut banget,1
mls interview,0
rill. pernah ditanya pas interview knp pgn kerja lagi? posisi udh nikah. dlm hati gw menjawab ya butuh duit anying heran,0
Sumpah w jg mikir gini makanya daftar cpns,0
gue banget,0
IYA LAGI,0
@SellyHazelia mirip lu bgt wkwkwkkw,0
kek banyak banget pertanyaan yg kudu gue ladenin,0
Iya interviewnya yang susah,1
Harus latihan terus-menerus kalau pengen bisa interview,1
Bisa harus bisa gmana mau kerja kalo ga bs interview,1
Iyaa asli gabisa wawancara,1
Bisa lewat wa aja gak interviewnya,1
Maless bangett kalo Uda tahap interview,1
nah sebel kan kalo mau kerja harus interview segala,1
Susah Kalau interview,1
Emang bener sih ini yaaa,1
haha iya degÂ²an banget,1
Kenapa begitu padahal kan mesti interview,1
Suah juga yaaa,1
belom nyobain si kalo aku kak,1
Harus belajar lagi berarti,1
Ehehehe,0
Haha mls bgt yaa pas interview nya,1
Insya Allah bisa 2 2 nya,1
aslii cuyy,0
Sama njir keknya susah,1
Ya udah nggak usah interview,1
Kalau kayak gitu grogi nggak sih,1
sama kok ya,1
Bikin lapangan kerja aja kalau gitu,1
asli bener lagi gabisanya di sini doang,1
bener nggak bisa jawabnya,1
iya anjir kenapa ya,1
bisa ga sih langsung masuk,1
Kenpa harus ada inteview sih,1
Males banget ya buat interview,1
iya banyak yang begitu kak,1
Kelemahan guee bgt,1
takut belibet,1
ah suka gitu pasti bisa kalo kita nya mau belajar dulu,1
Iya kenapa harus ada interview sih,1
Knapaa harus ada interview ya,1
Belajar dulu kak,1
jujur gua juga gitu haha,1
Males banget aku kalo pas itu,1
takut banget ama interview,1
Hilangin aja yaa interview ini,1
emang interview tuh tahap paling gugup asli,1
ï¸ï¸ï¸ï¸ï¸ bener bgt sering blank pas interview,0
dagdugdug duluan sebelum interview,1
Nah sama banget si,1
Iya bener juga,1
ya interview takut banget,1
Belum terbiasa aja,1
iya anjir gabisa di interview nya aja,1
Moga besok bisa,1
Wkwkekwk kek i dont have the idea to make inovationnn,0
iya pliss aku gagal di interview mulu,0
bener lagi,0
setiap interview otak gua kaya ke reset ulang plissss,0
yAKAN,0
grogi,0
Gw bsa interview cm gabisa kerja aja (terlalu pilih pilih),0
haha mana bener lagi ih,1
iya anjir sumpah bener banget,1
Sama,0
Suka belibet kalau ngmmg -_,1
FRRRR aku lamar ratusan company selalu gagal di interview giliran ikut CPNS yang seleksinya tanpa interview langsung lolos,0
Gugup banget ya,1
Iya banget. Itu yg paling ditakutin,1
yess gue gugup banget asli,1
sama aku juga ga bisa interview,1
Lah jd gimana?,1
Kadang bikin org gugup,1
Canggung gitu ya kalau diinterview,1
iya susah banget di interviewnya,1
belibet ya kalo ditanyain,1
hahahhahahaahha,0
@saladaijo,0
@karrynyamnyam,0
kak?? u ok??,1
Kak,0
duh pantes aku dh kecintaan,1
wkwkw yaallah ketawa bgt lagi hue,1
Wkwkwk parah banget anjr,1
hahahaha marketing neraka,1
Ada aja lagian anjir,1
juaranya neraka ya brayy,1
Wkwk agak unik ya jawabnya,1
wkwkwk emang gitu jir,1
hem slalu mnrik kek gmn,1
plis gebuk boleh ga,1
wkwkw bisa-bisanya ngomong gitu,1
Jangan sampai terhasut deh pokoknya,1
Oalah neraka yaa juaranya,1
Ya bener juga sih wkwk,1
stopp,0
ya gak gitu juga men konsepnya,1
damnnn terpental,0
Puas banget ketawanya,1
ahahha ga gt dong,1
tapi fakta sih beda agama tu menarik banget ah elah bjir kenapa harus beda agama sih bajingan jancok,1
@nikichio_o,0
wkwk ada ada aja dah,1
AHAHAHHA MARKETING NERAKA,1
asli bener banget lagi,1
puas banget ketawanya ya,1
Kok dibilangnya marketing sih wkwkk,1
haha emg bner bner ya,1
langsung savage njir,1
Waduh kena mental nggak tuh,1
Hahaha biasalah godaan banget,1
Wkkw emang gede godaannya,1
anjir marketing neraka ga tu,1
WKW&amp,1
Anjir marketing neraka,1
@zoroipem kok malah lewat di aku terus,0
ganteng-ganteng pisan maneh,1
Wkwkkww bahaya banget emang ya,1
Wah kacau ini mah,1
wkwk bener juga marketingnya selalu bagus ya,1
tapi aku ga tergoda,1
damn bro berbicara fakta dengan gamblang,1
Weh iya ga salah sih,1
hahahaha pemikiran yang menarik sih,1
Aduh aku jga gtw,1
Ngakak banget dah anjir,1
Ada bener nya juga sih,1
wkwkw jir marketingnya menarik si bnr,1
Hhha pmtes lah,1
ang? kak kak kak,1
hmm bisa gitu ya wkwkk,1
wkwkw iya juga,1
HEH,0
wkwk,0
fr,0
Buse marketing neraka ga tuh,1
Buset marketing engga tuhh haha,1
@ressyclarista,0
Haha bener juga kata dia,1
AHAHAHAHA THAT MARKETING NERAKA,0
Wkwkwk malah marketing pula dibilang,1
Waduhh nyesss banget dihati,1
Anjir Iya juga sih makanya harus hati-hati,1
ditampar sama kenyataan wkwk,1
Wah kok bisa gitu,1
kak astaga neraka ada tim marketingnya juga,1
waduh wkwk itu godaan ya,1
bjir bisa-bisanya dong,1
Duh emang benerÂ² ya,1
emang ada benernya sih,1
@baekseunfg cb dibaca ?,0
Ga gitu juga emang baik aja orangnya,1
haha bisa aja lo,1
haha iyaa lagi ah,1
wkwkwkwk kena bgt anj,1
Tapi nggak bisa sih kalau aku,1
Masuk akal,0
ih tapi beneran rill suka lebih mgerti,1
wkkwk iya juga lagi ini,1
SYHOKK BERAT,0
hahaha marketing neraka ga tu,1
wkwk jangan tergoda deh,1
wkwkw bisa kepikiran gtu,1
haaa mampus kau,1
puas bnget ketawamu,1
Wkwk lagi promosi besar besaran,1
otw nyari cewe beda agama,0
WKWK ga gitu jir,1
Nah jangan tergiur marketingnya ya,1
tertampar bgt dah,1
Nggak gitu gitu juga dong,1
Jangan sampek deh,1
wkkwk marketing neraka,1
woila marketing ga tuu,1
Lagi promosi itu tuh,1
LUCU BANGET LAGI ANJIRR,1
anjir marketing ga tuh wkwk,1
wkwk marketing neraka dong bjirlah,1
Haha bener banget lagi,1
hahaha plis lsg bgt neraka nih,1
lagi promosi dia itu,1
Seru banget liatnya,1
wehhh bisa gt woiii,1
sudah ahli inimah wkwk,1
hahahaa ngakak x,1
mana bisa gt,1
Ih ini seriusan masa sih semudah ituu,1
Buset ngeri eyyy,1
anjay keren juga,1
Ada gak ya di Indo,1
Bisa gitu ya gan,1
Haha bisa aja dah,1
wkwk bisa begitu,1
wah dapet semuannya nih,1
sama2 enak ini https://t.co/3XYKIw6KVj,0
ehhhh beneran kah ituu?,1
buset boleh jugaa,1
widih untung banyak ini mah,1
tapi susah cuy wkwk,1
Untung banyak dong ini mah,1
coba di sini ada pasti setiap hari gue mainin,1
beneran dpt hp nya ga?,1
seru banget kyk nya,1
Gila banyak banget dah dapatny,1
anjayy untung banget itumah,1
njirr banyak banget dapetnya,1
wkwk auto buka konter ini mah,1
anjir banyak banget,1
wkwk seru banget ya liatnya,1
untung byk weh,1
itu dapat hp asli?,1
Ihhh Mayan juga yah,1
ini udah pro player akut,1
wah seru banget sih yaa hadiahnya banyak,1
Untung banget itu pasti,1
yang penting tuh emang skill sih,1
Wah beruntung bgt dapet banyak,1
wkwkw keren keren patut dicintih,1
Busett ngeri ya,1
Weh nemu dimana aja,1
Lohh bisa gitu astagaa,1
Wkwkw banyak juga ya,1
Hokinya udah kepake,1
anjir boleh bgt kek gitu,1
kok lucu lihat Spiderman nya,1
Anjir ngechet tuh,1
anjayy hoki kali cok,1
Buset ampe gumoh gt,1
Untung banyak ini mah,1
Keren bgt ini sih pak,1
bisa gitu dah goks,1
waduh bisa bisa nya gitu,1
untungnya aja deh,1
modal koin mulung,1
Jir banyak amat wkwk,1
bisa sampai seperti itu haha,1
mau dong bang bagi lah,1
tapi susah yaaa wkwk,1
bjirlahh ini mah langsung rugi yang punya mesin,1
hahaha bisa bisanyaa woi,1
Lah kok bisa ya min wkwk,1
jago banget sih ini,1
wkwkwk untung ada ya,1
lumayan sii bjir,1
Hhh susah sih tapi kalo nyoba terus akhirnya dapet,1
anjir bagi satu dong,1
utg bnyak ya kak,1
ihh kok bisa,1
Untung lumayan nih,1
Waw ada iphone guys,1
buset dh hebat juga,1
menang banyak nih,1
Untung aja banyak,1
Menang banyak ini,1
Untung banyak banget sih,1
Emang kalo rejeki gak kemana,1
hoki banget tu heh,1
iPhone dong dapet,1
Nge cheat bjir,1
Hahaha susah banget ya tapi,1
bisa gtu yaaaa,1
Udah terbiasa ya mereka mana cuma kaosan pake celana pendek lagii,1
yang dewasanya udah pada pake kostum mereka malah chil wkwkwk,1
Emang gada lawan cuman outfit seadanya ngga make alas kaki pula,1
digunung andong banyak bang bocil akamsi maen ke puncak,1
warlok ma bebas,1
bolang si bolang si bocah gampang ngilang,0
gunung mana ini? kok ada bocah pakai baju Panjalu,0
Iya dia udah biasa main di situ,1
agak laen nih haha,1
Anjir mainnya sampek pos 5,0
Wah keren banget sini menyala di adik,1
easy peazy yaak,1
akamsi be like chill ae gaziee,0
seru bgt ya,1
cekerannn,0
kek cuma main aja yak,1
Demit e arep nyulik coooh anak e kardi bar adus kok yo wes tekan kene,0
Wkwkw apa itu alat daki,0
Yg hiking pada prepare pakek sepatu khusus jaket apalah apalah Akamsi nyeker dan kaosan,0
Emang beda banget,1
Mereka sudah terbiasa,1
Gitu aja udah bahagia,1
Keren banget emang,1
Wkwk lucuu ya,1
Iya sih beda banget,1
Kita kita kalah sama bocil,1
Mereka mah udh biasa,1
Emang beda deh,1
ebuset santuy betul ndaki nya,1
Itung2 lagiii mainn gaaa siii,1
Wkwk akamsi sendalan doang jir,1
Modal nekat aja sih,1
seru banget deh kayaknya,1
Mereka mah udh biasa banget,1
Mantap tanpa tongkat,1
bisa bisanya dekkkk,1
Jadi inget dulu waktu naik ke puncak Merapi ada bocil sampai puncak masih pake seragam SMP celana pendek lengkap dgn tas selempang sekolahnya. Mungkin sekolahnya di Selo abis pulang sekolah mainnya ke Merapi/Merbabu,0
manjat kmaren pas malem mauludan yg naek banyakan anak santren yg pake sarungan apa itu sleeping bag keril 50 liter,0
Jam 5 sore mereka udh ngaji di mushola bawah,0
Bocilnya : sepele bang,0
bocil ga akan capek...kalau dewasa abis energinya buat bayar utang,0
eh keren ya,1
mas dzawin harus melihat ini,0
Seru banget ya cill ngebolang,1
Udah beda spek dr lahir,1
keren bener dah,1
Emang beda banget dah,1
Akamsi mah santai banget,1
Mereka udah terbiasa,1
udah biasa mereka pasti,1
Ngerii jugaa well,1
akamsi mahh bebas,1
seru banget jadi mereka,1
Anjay kaya main ke rmh temen aje,1
Emg besa sih mereka itu,1
Beda emang nya sih,1
kerenn sii inii,1
Busett santai banget ini,1
santuy bet anjir outfit nya,1
Agak beda ya,1
Anjir nyeker ini coyy,1
keren kamu dek wkwk,1
gaperlu bawa tas gede gede,1
akamsi kek maen biasa jir,1
Enggak perlu peralatan hiking,1
buset santai bgt bro bro ini,1
gak bawa apa apa dong,1
Udah beda gitu,1
keren bgt dong kak,1
Widih keren ya para Bocil,1
Keren emang para akamsi ini,1
Emang beda vibesnya,1
Gtu bahagia yah,1
Wkwk apa ga kena mental yang mendaki,1
Emang beda banget ini sih,1
Mana nyeker doang lagi wkwk,1
emang beda banget,1
terlalu suhu sih ampun dek,1
Beda dari yang lain dia,1
bjir bisanya cuma kaosan doang,1
Bocil itu udah biasa ya naik gunung,1
Udah jadi kebiasaan jadi gitu,1
iya kan udah terbiasa ya kak,1
Anak kecilnya nyantay banget naik gunung,1
Ush spek dr lahir itu,1
haha emang beda si,1
Nggak dingin apa ya,1
Keliatan bgt akamsinya wkwkw,1
beda banget emang cill,1
wkwk santai aja make sendal,1
enjoy banget ya naik gunung cuma kaya gitu aja stil nya,1
mana santuy bgt pake sendal celana pendek,1
chill bgt ya mereka,1
beda banget wkwk,1
Kagak pake sepatu pun naik gunung akamsi,1
akamsi punya privilage,1
Hehehe seru ya kalau gini,1
akamsi yang kalo magrib disuruh emak ke mesjid nih,1
Akamsi punya kuasa,1
Apa itu jaket gropcore,0
Jelas beda kak,1
Jd kangen kampung halaman,1