full_text,clean_text
Dulu waktu ibuku meninggal keluarga juga banyak yg minta baju ibuku. Bahkan ada tante dari bapakku yg tiba-tiba pas acara kondangan pakai baju ibuku padahal bajunya punya banyak kenangan. Ternyata dia ngambil sendiri bajunya,dulu waktu ibu tinggal keluarga banyak yg minta baju ibu bahkan tante bapak yg tibatiba pas acara kondangan pakai baju ibu padahal baju punya banyak kenang nyata ngambil sendiri baju
Dulu waktu nenekku meninggal juga adeknya minta tas nenekku pdhl nenek baru jg dikebumikan ya jelas ga dikasihlah sama mamakku karna dia yg beliin dan emg sodara2 nenekku hidupnya kek parasit semua,dulu waktu nenek tinggal adeknya minta tas nenek pdhl nenek baru jg bumi jelas ga kasih sama mamak karna yg beliin emg sodara nenek hidup kek parasit semua
Gue saat kaka ipar meninggal nangis sejadi-jadinya even gue lakiÂ². Kakak perempuan gue satuÂ²nya jadi janda Dan ninggalin 2 orang anak. Gue sedih Karna beliau lebih seperti kakak di banding kakak kandung gue sendiri. Keluarga gue susah ta,gue kaka ipar tinggal nang sejadijadinya even gue laki kakak perempuan gue satu jadi janda ninggalin orang anak gue sedih karna beliau lebih kakak banding kakak kandung gue sendiri keluarga gue susah ta
Musuh terbesar dan teregois. Itu gak jauh dari sekitar kita. Bahkan dari keluarga kita. Itu yg saya alami skrg.,musuh besar ego gak jauh bahkan keluarga yg alami skrg
Dih ya suka-suka istrinya mau dikasih ke siapaa,dih sukasuka istri mau kasih siapaa
Jd inget dulu pas bapak ga ada hampir semua barang yg beliau punya banyak yg ngincer trus akhirnya diambil padahal beberapa barang bakal tetap bisa dipake sisanya ya cuma beberapa baju dan celana karena ukurannya gede kebanyakan mereka yg,jd inget dulu pas bapak ga hampir semua barang yg beliau punya banyak yg ngincer trus akhir ambil padahal beberapa barang bakal tetap dipake sisa cuma beberapa baju celana ukur gede banyak yg
Kak waktu ayahku meninggal juga mirip gini. Klo ibuku syukurnya emang berencana bagi2. Tpi ada 1 barang yg bahkan ayahku aja gapernah mention itu untuk dikasihkan ke org lain yaitu motor. Shogun 125 usianya +- 15 th. Tanteku bilang klo mot,kak waktu ayah tinggal mirip gin klo ibu syukur emang rencana tpi barang yg bahkan ayah aja gapernah mention kasih org motor shogun usia th tante bilang klo mot
Kukira bajunya org yg udah meninggal g ada yg mau pake ternyata baca reply an bnyak jugaa yg rebutan,kira baju org yg udah tinggal g yg mau pake nyata baca reply an bnyak jugaa yg rebut
ngerusak sendiri deh dia,ngerusak sendiri deh
sama kejadiannya waktu tanteku meninggal orangnya emang suka belanja dan barangnya bagus dihari itu juga kerabat dari suaminya ngobral baju tanteku padahal aslinya tanteku ini dimusuhin sama kerabat disana kok ga malu ya mereka kaya gitu,sama jadi waktu tante tinggal orang emang suka belanja barang bagus hari kerabat suami ngobral baju tante padahal asli tante dimusuhin sama kerabat sana kok ga malu kaya gitu
Tanteku (kakak mama) 2 hari setelah mama meninggal langsung minta baju almarhumah dan mukena cantik yang aku beliin. Mukena ini udah dia incer dari mama terbaring sakit. Aku dan saudaraku mikir kok ada orang yg gak punya otak begitu?,tante kakak mama hari mama tinggal langsung minta baju almarhumah mukena cantik aku beliin mukena udah incer mama baring sakit aku saudara mikir kok orang yg gak punya otak
Bajunya cantik cantik bgt pasti istrinya kakaknya juga cantik bgt yaaa,baju cantik cantik bgt istri kakak cantik bgt yaaa
Gw relate banget sih gw pun belom sanggup liat barangÂ² mama dipake sama orang lain,gw relate banget sih gw bom sanggup liat barang mama dipake sama orang
Di keluarga ibuk yg suka minta2 baju itu iparnya nenek. Selepas ibuk meninggal mau minta mukenah pake request yg warna putih polos lagi. Ya kan gak ada terus karena dia mandiin jenazah ibuk pake kode2 masalah kain jarik. Disini adatnya kal,keluarga ibuk yg suka minta baju ipar nenek lepas ibuk tinggal mau minta mukenah pake request yg warna putih polos kan gak terus mandiin jenazah ibuk pake kode masalah kain jarik sini adat kal
Ketika nyokap tiri gw meninggal barang2nya langsung diambilin sm kluarganya.. ujung2nya... gw ga dianggap anak sama kluarganya yg mana dia asuh dr kecil.,nyokap tiri gw tinggal barang langsung diambilin sm kluarganya ujung gw ga anggap anak sama kluarganya yg mana asuh dr kecil
Waktu nenek meninggal salah 1 mantu+besannya malah yg ambil diem2 baju+tas almh. Pdhl udh dibahas diawal dikeluarin semua boleh ambil tp bareng2. Bahkan tetangga yg pd bantu dirumah almh pas hari H ada yg ambil peralatan makan l+perabot ju,waktu nenek tinggal salah mantubesannya malah yg ambil diem bajutas almh pdhl udh bahas awal dikeluarin semua ambil tp bareng bahkan tetangga yg pd bantu rumah almh pas hari h yg ambil alat makan lperabot ju
Layak di filmkan. Dg story line ipar sudah maut,layak film dg story line ipar maut
Adeknya manipulatif. Aneh bgt,adeknya manipulatif aneh bgt
Berasa buka thread model postibgan begini,asa buka thread model postibgan begini
Tetanggaku juga ada gituu teman emak.. sering minta barang alm mama.. beberapa ada yg kukasi lama lama males juga. Apalagi baju jadi aku pakai baju alm mama bajuku yg disumbangin,tetangga gituu teman emak sering minta barang alm mama beberapa yg kas lama lama males baju jadi aku pakai baju alm mama baju yg disumbangin
Hehe pernah ngalamin,hehe pernah ngalamin
Keluarga anehhh,keluarga anehhh
Perkara baju rusak hubungan keluarga wkwkwk,perkara baju rusak hubung keluarga wkwkwk
jangankan itu yg udah dikubur nenek gue masih ada aja barang2nya ada yg udah dijual tanpa sepengetahuan nenek ataupun mama gue yg jelas2 anaknya ada lemari tempat tidur. Sampe ke tas2 nenek gue pun ditanyain masih dipake apa engga. Sakittt,jangan yg udah kubur nenek gue aja barang yg udah jual tahu nenek atau mama gue yg jelas anak lemari tempat tidur sampe tas nenek gue ditanyain dipake apa engga sakittt
Mirip dikit sm peninggalan almarhum ayah. Sewaktu ayah dinyatakan meninggal rumah dikunci dan dijaga bgt. Soalnya kata om ku banyak yg suka maling barang2 org yg udah meninggal. Walaupun udah dijaga tetep aja kemalingan banyaaakk. Ampe sen,mirip dikit sm tinggal almarhum ayah waktu ayah nyata tinggal rumah kunci jaga bgt soal kata om ku banyak yg suka maling barang org yg udah tinggal walaupun udah jaga tetep aja maling banyaaakk ampe sen
Isi komennya template,isi komennya template
Waktu bapakku meninggal juga gitu. Krn bisnis papa adl audio jd byk alat2 mahal utk sound check dll CD lagu impor yg sekeping harganya saat itu bisa hampir 1/2 juta sendiri banyak yg hilang diambil tmn2 papa yg kukira mrk real tmn baik. Te,waktu bapak tinggal gitu krn bisnis papa adl audio jd byk alat mahal utk sound check cd lagu impor yg keping harga hampir juta sendiri banyak yg hilang ambil tmn papa yg kira mrk real tmn baik te
Duluuu bahkan waktu mama gw sakit belom meninggal malah. Segala gelang ampe kalung nyokap yg harus dilepas diambil ama adenya pffttt Belum lg pas kena musibah mama sakit segala elektronik di rmh gw pun dibawa sebagai ganti uang sumbangan r,duluuu bahkan waktu mama gw sakit bom tinggal malah segala gelang ampe kalung nyokap yg lepas ambil ama adenya pffttt lg pas kena musibah mama sakit segala elektronik rmh gw bawa ganti uang sumbang r
Ceritanya persis kaya adeknya bapak. Adek bapak nomer 2 meninggal setahun yang lalu. Mungkin setelah 100 hari beliau adeknya yg paling kecil dan kakaknya yg paling tua minta baju baju almh. Paklikku ga ngasih ijin tapi beliau jg ga ngasih,cerita persis kaya adeknya bapak adek bapak nomer tinggal tahun lalu mungkin hari beliau adeknya yg paling kecil kakak yg paling tua minta baju baju almh paklik ga ngasih ijin beliau jg ga ngasih
Gilanya lagi alm buleku meninggal keluarga dr suami buleku udah langsung main srobot. Dan endingnya ternyata pas masi hidup suaminya selingkuh sm tetangga sendiri. Dan dia pergi dr rumh buleku hampir bawa 65% isi rumah. Kok ada cowo bawa s,gila alm bule tinggal keluarga dr suami bule udah langsung main srobot endingnya nyata pas mas hidup suami selingkuh sm tetangga sendiri pergi dr rumh bule hampir bawa isi rumah kok cowo bawa s
Apasih anjr pengen baca rep yg beneran nyimak ceritanya bjrot,apasih anjr ken baca rep yg beneran nyimak cerita bjrot
Ya itu sih hak keluarganya aja,sih hak keluarga aja
Menarik banget dah ini yaa,tarik banget dah yaa
Ada alasan tertentu mungkin,alas tentu mungkin
Ada alasan tertentu,alas tentu
Sy punya cerita jg... masalah barang2 peninggalan. Setelah ibu meninggal.. kami 3 bersaudara berbagi warisan dgn adek bungsu dpt rumah peninggalan beserta slrh isinya.. dgn pertimbangan waktu itu sy dan kakak sulung sudah punya rumah masin,sy punya cerita jg masalah barang tinggal ibu tinggal saudara bagi waris dgn adek bungsu dpt rumah tinggal serta slrh isi dgn timbang waktu sy kakak sulung punya rumah masin
real story ini?,real story
Banyak banget itu,banyak banget
Real story ya?,real story
Kalo menurut aku udah bener disumbangin aja ke orang yang membutuhkan sesuai amanah almarhumah. Pasti ada alasan kenapa almarhumah ngasih amanah gitu sebelum meninggal. Buat adek nya udah jual aja bang adek lu ngeselin banget sumpah.,kalo aku udah bener disumbangin aja orang butuh sesuai amanah almarhumah alas almarhumah ngasih amanah gitu tinggal buat adek nya udah jual aja bang adek lu ngeselin banget sumpah
Pasti ada aja alesannya,aja alesannya
Oalah gtu ya penjelasannya,oalah gtu jelas
mending simpen kenangan,mending simpen kenang
wahh gt yaa ceritanya,wahh gt yaa cerita
serem juga yaaa,rem yaaa
aku bacain sampe habis lumayan seru,aku bacain sampe habis lumayan seru
semua perihal waktu,semua perihal waktu
malah jadi ribut gara-gara baju,malah jadi ribut garagara baju
Selalu aja ada drama keluarga,selalu aja drama keluarga
sebenernya adeknya yg egois,sebenernya adeknya yg egois
Bacanya kaya cerita dari chatgpt,baca kaya cerita chatgpt
Jika nanti aku meninggal bajuku tolong kasi ke adik kandungku dan anak kandungku saja. Sisanya mohon disimpan -pesan untuk suamiku dan keluargaku,aku tinggal baju kasi adik kandung anak kandung sisa mohon simpan pesan suami keluarga
aku ngalamin ini. waktu itu jenazah mama baru mau otw ke rumah adeknya malah udah minta baju mama ke aku di lift ada satu momen dia mau umroh minta baju mama. aku kasih yg polos malah protes kok ga sama hijabnya . yakan dia minta baju doan,aku ngalamin waktu jenazah mama baru mau otw rumah adeknya malah udah minta baju mama aku lift satu momen mau umroh minta baju mama aku kasih yg polos malah protes kok ga sama hijab yakan minta baju doan
Punya adek yg mandiri dan sopan itu berharga banget ga memahami situasi ini karena adek aku sesempurna itu dimata aku semoga adek aku selalu bahagia dan dikelilingi orang orang yg sayang sama dia,punya adek yg mandiri sopan harga banget ga paham situasi adek aku sempurna mata aku moga adek aku selalu bahagia keliling orang orang yg sayang sama
Eh maaf kak tapi gila jadi sarang cenblu caper jir kesel bgt,eh maaf kak gila jadi sarang cenblu caper jir kesel bgt
gapunya sisa baju bapak soalnya dulu disumbangin semua,gapunya sisa baju bapak soal dulu disumbangin semua
Bakar baju2nya dan kirim videonya ke mereka. Trus blok mereka. Lanjutkan hidup dgn damai,bakar baju kirim video trus blok lanjut hidup dgn damai
Aku malah kebalikannya malah karna baju alm mamahku bener bener banyaak bgt harganya juga mahal mahal dan rata rata banyak barang baru yg belum terpakai. Aku sama teteh kumpulin semua keluarga dan suruh pilih yg mereka mau sebabnya karna -,aku malah balik malah karna baju alm mamah bener bener banyaak bgt harga mahal mahal rata rata banyak barang baru yg pakai aku sama teteh kumpulin semua keluarga suruh pilih yg mau sebab karna
aneh bgt ada org kyk gini,aneh bgt org kyk gin
Kalau membantu (sedekah) memang di utamakan kepada keluarga daripada orang lain tapi dalam kasus ini kan almarhum sudah menitipkan amanah jadi ya harus ditunaikan amanah tersebut. Semoga menemukan jalan keluar terbaik,kalau bantu sedekah memang utama keluarga orang kasus kan almarhum titip amanah jadi tunai amanah sebut moga temu jalan keluar baik
â°,
Almarhum pakde punya banyak polo dan batik bagus. Suatu hari aku berkunjung ke rumah beliau setelah almarhum wafat. Bude memberi beberapa polo almarhum karena ukuranku ga jauh beda dengan almarhum. Baju lama almarhum masih banyak tapi yang,almarhum pakde punya banyak polo batik bagus suatu hari aku kunjung rumah beliau almarhum wafat bude beri beberapa polo almarhum ukur ga jauh beda almarhum baju lama almarhum banyak
nyebelin banget centang biru komennya sama semua,nyebelin banget centang biru komennya sama semua
2017 bundaku meninggal krn pecah pembuluh darah di otak. 1 tanteku dari pihak ayah malah terusÂ²an nanyain baju dan tas bunda bahkan katanya beliau udh tau mau baju yg mana aja tp gak aku kasih dan tanteku msh suka bahas itu sampe detik in,bunda tinggal krn pecah buluh darah otak tante pihak ayah malah terus nanyain baju tas bunda bahkan kata beliau udh tau mau baju yg mana aja tp gak aku kasih tante msh suka bahas sampe detik in
makanya sih eug belinya baju yg cegil2 beda bgt sm keluarga eug,makanya sih eug beli baju yg cegil beda bgt sm keluarga eug
Ka... I feel it.. sumpah waktu almh. Mamah aku meninggal 12 tahun lalu posisi aku masih kelas 5 SD aku udah pengen nyimpen barang barang mamah kayak mukena kesayangannya yg utama.. TAPI KELUARGA JAUH NENEKKU DTG DAN BAWAIN SEMUA BARANG MAM,ka i feel it sumpah waktu almh mamah aku tinggal tahun lalu posisi aku kelas sd aku udah ken nyimpen barang barang mamah kayak mukena sayang yg utama keluarga jauh nenek dtg bawain semua barang mam
Knp,knp
awalnya gua tertarik ana ni thread tapi komennya isi cenblu semua anying jadi ga mood,awal gua tarik ana ni thread komennya isi cenblu semua anying jadi ga mood
Gila baju aja bisa jadi harta gono gini,gila baju aja jadi harta gono gin
Mirip dengan kejadian tanteku yang meninggal selama sakit hampir tidak ada keluarga dari pihak suami yg bantu rawat atau temani. Bahkan anak2nya pun se-ignorance itu. Tapi ketika meninggal besoknya ipar2nya langsung ambil2in baju tanteku.,mirip jadi tante tinggal lama sakit hampir keluarga pihak suami yg bantu rawat teman bahkan anak seignorance tinggal besok ipar langsung ambilin baju tante
Jadi inget waktu almh mama berpulang blm ada setengah bulan ada 1 temennya setiap ketemu aku pasti nanyain pakaian tas dia mau minta biar gak mubazir ktnya. Maklum mamaku emang suka bikin baju dulu dan hobi ngoleksi tas. Pokoknya tiap kete,jadi inget waktu almh mama pulang blm tengah bulan temennya ketemu aku nanyain pakai tas mau minta biar gak mubazir ktnya maklum mama emang suka bikin baju dulu hobi ngoleksi tas pokok tiap kete
Sepeninggal ibuku ga ada yg minta2 bajuya meskipun beliau pny cukup bnyk kain2 batik &amp,tinggal ibu ga yg minta bajuya meski beliau pny cukup bnyk kain batik amp
Deyymmm,deyymmm
lopploppp,lopploppp
Mk,mk
Drama kah?,drama
Bagus semua dan rapih,bagus semua rapih
my parents divorce bokap gue tinggal dan bangunin keluarganya rumah dan ya meskipun gue anak satu-satunya gue ga dapat jam tangan 1pun yang mana notabenenya bokap gue mantan pejabat jadi ada lah yah koleksinya. Baju dia yang bermerk juga g,my parents divorce bokap gue tinggal bangunin keluarga rumah meski gue anak satusatunya gue ga jam tangan mana notabene bokap gue mantan jabat jadi lah yah koleksi baju bermerk g
Gue punya 3 abang dan 1 kk cewe. Semua sdh pada berkeluarga. Salah satu istri abang gue meninggal dan abang emang pernah ada omongan klo baju/tas/sepatu istrinya mau dia bagi2in ke gue kk atau kk ipar gue yg lain. Cma dibalas sama kk cewe,gue punya abang kk cewe semua sdh keluarga salah satu istri abang gue tinggal abang emang pernah omong klo bajutassepatu istri mau bagiin gue kk kk ipar gue yg cma balas sama kk cewe
Adaa gtu ya org kek si adiknya ini,adaa gtu org kek si adik
Biasa ditemui,biasa temu
Dulu waktu mamaku meninggal kakaknya mamaku minta hpnya mama pas posisi jenazah mama msh di ruang tamu dan mau ibadah utk ke pemakaman. Dia bilang bsknya mau berangkat balik ke kotanya sama om ku yg nmr 4. Ku bilang gk bisa lah. Data nya m,dulu waktu mama tinggal kakak mama minta hpnya mama pas posisi jenazah mama msh ruang tamu mau ibadah utk makam bilang bsknya mau berangkat balik kota sama om ku yg nmr ku bilang gk lah data nya m
Bisa ga ya org stop normalisasi ngasihÂ² baju alm ke orgÂ²? Iya bagus biar jd pahala jariah mendiang tp siapa tau keluarga mau simpan jd kenangan atau masih punya anak yg bisa pakai baju tsb.,ga org stop normalisasi ngasih baju alm org iya bagus biar jd pahala jariah mendiang tp siapa tau keluarga mau simpan jd kenang punya anak yg pakai baju tsb
Saran aja lebih baik baju alm istrinya kk d sedekahin aja ke org yg benar butuh baju itu lebih baik,saran aja lebih baik baju alm istri kk d sedekahin aja org yg benar butuh baju lebih baik
Ini beneran?,beneran
gw ungkit si pasti kalo ngadepin manusia playing victim macem sarah,gw ungkit si kalo ngadepin manusia playing victim macem sarah
ð–ð‡ð˜ ðð‘ðŽð“ð‡ð„ð‘?,
Alhm alm bapak saya karena ibesitas jadi ga ada yg muat di keluarga jadinya gak ada yg minta dn sampe skrg masih utuh ada semua kadang2 saya pake kalo lagi kangen.,alhm alm bapak ibesitas jadi ga yg muat keluarga jadi gak yg minta dn sampe skrg utuh semua kadang pake kalo kangen
Bejir banyak komen centang biru,bejir banyak komen centang biru
Ternyata byk jg ya yg ngalamin.. tp kl sy mmg sdh akan dilungsurkan ke anak,nyata byk jg yg ngalamin tp kl sy mmg sdh lungsur anak
Teringat almarhum bokap yang setelah meninggal baju bajunya yg tersisa hanya baju Koko dan sarung2. Ternyata adek bilang sebelum meninggal bokap yg kasih2kan sendiri bajunya ke orang yg membutuhkan..,ingat almarhum bokap tinggal baju baju yg sisa baju koko sarung nyata adek bilang tinggal bokap yg kasih sendiri baju orang yg butuh
sekalipun bajunya banyak juga klo gini ttep gamau tar kenangannya kurang,sekalipun baju banyak klo gin ttep gamau tar kenang kurang
TERSERAH LU MAU BERANTEM BERPERANG BERMUSUHAN DENGAN SEMUA ORANG DI DUNIA INI. TAPI SAMA IBU LU SENDIRI MERENDAHLAH MENGALAHKAH PATUHLAH CUMA BAJU MURAH DAN BEKAS MASA MELAWAN IBU. BLOG.,serah lu mau antem perang musuh semua orang dunia sama ibu lu sendiri rendah kalah patuh cuma baju murah bekas masa lawan ibu blog
Hmm gua gak tau sih menurut pribadi gua aja sih jujur itu orang emang nyebelin. Tapi kalo gua sih gua akan tetep kasih. Biar gak ada konflik gak ninggalin rasa benci ke alm. Dan mereka masih mengenang baik alm. Kasian gak sih takut barang,hmm gua gak tau sih pribadi gua aja sih jujur orang emang nyebelin kalo gua sih gua tetep kasih biar gak konflik gak ninggalin rasa benci alm kenang baik alm kasi gak sih takut barang
yapping apa lah ini buangsat,yapping apa lah buangsat
Setelah almarhum bokap meninggal bnyk org (dr keluarga dan dr kerabat dekat) dateng kerumah. Buat apa? Buat minta barang2 almarhum. Baju aksesori sepatu bokap itu bermerk. Dan gua sbg anaknya aja ga tau mereka udh ambil2in itu.,almarhum bokap tinggal bnyk org dr keluarga dr kerabat dekat dateng rumah buat apa buat minta barang almarhum baju aksesori sepatu bokap bermerk gua sbg anak aja ga tau udh ambilin
Seminggu sekali/2 minggu sekali saya ngadepin org macem sarah ada 4 orang apakah sy waras tentu tidak drpd sy gila lbh baik sy mundur teratur,minggu sekali minggu sekali ngadepin org macem sarah orang sy waras drpd sy gila lbh baik sy mundur atur
Harusnya si suami almarhum bilang lu boleh pake baju istri gw tapi sekalian gw pendem dikuburan samping istri gw klo deal gw bawain semua nih bajunya . Gitu harusnya,harus si suami almarhum bilang lu pake baju istri gw sekali gw pendem kubur samping istri gw klo deal gw bawain semua nih baju gitu harus
Tapi emang yang katanya keluarga tu. Pada kaya gitu semua ya?,emang kata keluarga tu kaya gitu semua
lah kenapa,lah
Bisa buat anak-anaknya siapa tahu suatu saat mereka memerlukan.Tinggal bongkar lemari mamanya.Biarkan saja yang sudah tersusun rapi seperti semula.Kalau pun ada banyak yang ingin disedekahkan tinggal sortir saja.,buat anakanaknya siapa tahu suatu memerlukantinggal bongkar lemari mamanyabiarkan susun rapi semulakalau banyak sedekah tinggal sortir
Ya tapi apapun itu beliau adalah ibumu sendiri dan dia adalah adikmu sendiri.,apa beliau ibu sendiri adik sendiri
jadi karena itu yaa alesannya,jadi yaa alesannya
Sebagai orang yg beli baju bisa 15helai per bulan bikin mikir apa aku jual-jual aja ya pakaianku. Karena jujur akupun gak rela kalau dikasih ke saudara yg dirumah karena kelakuannya minus dan suka buat sakit hati.,orang yg beli baju helai per bulan bikin mikir apa aku jualjual aja pakai jujur aku gak rela kalau kasih saudara yg rumah laku minus suka buat sakit hati
hmm ribet bangwt ya,hmm ribet bangwt
Ohhh jadi ngerti,ohhh jadi ngerti
Bagus juga ceritanya,bagus cerita
Lengan ya kak,lengan kak
Mungkin buat kenang kenangan,mungkin buat kenang kenang
takutnya pamali juga,takut pamali
Apakah ini kisah nyata,kisah nyata
Ternyata begitu ya,nyata
kadang emang ada alasan nya tersendiri aih,kadang emang alas nya sendiri aih
Iya mitos aja deh kayanya,iya mitos aja deh kaya
ohh gtu ka cerita nya,ohh gtu ka cerita nya
Ternyata begitu ya alasannya,nyata alas
ngeri juga si,ngeri si
jadi gtu alesannya,jadi gtu alesannya
kok begitu sih yaa,kok sih yaa
Kisah siapa nih?,kisah siapa nih
https://t.co/vEJClbBfGV,httpstcovejclbbfgv
Nggak papa juga sih ya,papa sih
Oh jadi begitu,jadi
Kenp emg kak,kenp emg kak
ini kisah nyata?,kisah nyata
kadang emang buat kenangan ya,kadang emang buat kenang
agak lain jir,jir
hmm ya bs diterima sih alesannya,hmm bs terima sih alesannya
betul min jangan mau,betul min jangan mau
wahh bagus banget ya,wahh bagus banget
Enak banget yaa,enak banget yaa
loh emang kenapa ka,loh emang ka
Ini beneran kisah nyata ya?,beneran kisah nyata
Wah jadi gitu y,wah jadi gitu y
menyimpan kenangannya sih,simpan kenang sih
https://t.co/8Oi82XgeyZ pny klrg toxic.kl gw bpk gw yg suka minta2 duit2 melulu ke anak2.kl ga di kasi ngamuk2 maki2. Pdhl dia ga pernah kasi warisan.mlh hutang di mana2.orgnya malas kerja. Jln satu2nya cuma putus hubungan.anak2nya ga mau,httpstcooixgeyz pny klrg toxickl gw bpk gw yg suka minta duit melulu anakkl ga kasi ngamuk maki pdhl ga pernah kasi warisanmlh hutang manaorgnya malas kerja jln satu cuma putus hubungananaknya ga mau
wah ternyata ada juga ya yang begitu,wah nyata
Gue juga keknya gabakal kasih barang kesayangan ke siapapun itu,gue kek gabakal kasih barang sayang siapa
sinpen aja kak,sinpen aja kak
Jd kenangan bnbttt,jd kenang bnbttt
inii beneran real kah?,ini beneran real
kenapa kok gitu,kok gitu
ini kisahnya dari apa bro,kisah apa bro
Ya di simpenn aja dah yaaa,simpenn aja dah yaaa
Banyak banget baju,banyak banget baju
kenapa gitu yaa ka,gitu yaa ka
Sedih banget sih ya ini,sedih banget sih
wah gitu ya ka,wah gitu ka
disimpan aja ya kak,simpan aja kak
still remember when my aunt died a few months back my own uncle actually has the audacity to ask for her phone from the passing's daughter. the f-king audacity,still remember when my aunt died a few months back my own uncle actually has the audacity to ask for her phone from the passings daughter the fking audacity
hmm ada ada aja ceritany,hmm aja ceritany
Emang kisah nyata yah,emang kisah nyata yah
Ini beneran kqh kisahnya,beneran kqh kisah
kisah nyata ya kak ini?,kisah nyata kak
waduh kacau bngt gitu ya,waduh kacau bngt gitu
Agak seram ya kak,seram kak
menurut ku sih GPP,ku sih gpp
Itu mah adiknya yang salah sih,mah adik salah sih
jgn dikasi aja ya,jgn kasi aja
serem banget ih,rem banget ih
Yah tiap orang beda kok ga,yah tiap orang beda kok ga
Pasti ada alasan tertentu yah,alas tentu yah
makasih info nyaaaa,makasih info nyaaaa
kisahnya serem juga ya,kisah rem
Kisah nyata kah ini,kisah nyata
Hmm menarik buat dibaca,hmm tarik buat baca
bingung si emg yaa,bingung si emg yaa
klo memang alm mau d sumbangin ya sumbangin aja tapi jngan kasih ke sarah,klo memang alm mau d sumbangin sumbangin aja jngan kasih sarah
iya bener banget kak,iya bener banget kak
hak juga sih itu,hak sih
Jadi gitu ya,jadi gitu
aduh ada ada aja yaa,aduh aja yaa
Ini kisah nyata ya,kisah nyata
pembahasan yang menarik,bahas tarik
kisah nyata kah?,kisah nyata
Sebenarnya tergantung pihak keluarganya si,benar gantung pihak keluarga si
kenangan ya kak,kenang kak
ini kisah nyata kah?,kisah nyata
krna gamau aja ya,krna gamau aja
Duh bisa nya kaya gitu,duh nya kaya gitu
Kisahnya Serem amat sih,kisah rem sih
Jadi gitu alesanya,jadi gitu alesanya
Mungkin sebagian gapapa sisain yg buat kenangan,mungkin bagi gapapa sisain yg buat kenang
Trnyata begitu ya,trnyata
bisa dibuat kenangan,buat kenang
Jadi adeknya manipulatif ya,jadi adeknya manipulatif
Kisahnya serem amat nih,kisah rem nih
seperti dari kisah nyata kak,kisah nyata kak
wajar sih buat kenang kenangan,wajar sih buat kenang kenang
seru ya perseteruannya,seru seteru
jadi biar asa kenangannya,jadi biar asa kenang
Makasih kak ceritanya sangat menarik,makasih kak cerita sangat tarik
Ya ambil jln terbaik lah hatiÂ² sama ucapan jgn sampai menyinggung,ambil jln baik lah hati sama ucap jgn singgung
ini dari cerita asli kah??,cerita asli
Ya emang agak lain sih ya,emang sih
Ya semua pasti ada alasannya kan,semua alas kan
Wah disimpan terus ya Kak,wah simpan terus kak
ternyata ada uletnya juga yaa,nyata ulet yaa
Brokoli gue sih suka,brokoli gue sih suka
padahal enak tau brokoli tuh,padahal enak tau brokoli tuh
ya sama ak jg gasuka,sama ak jg gasuka
Eh emang biasanya ada uletnya kah,eh emang biasa ulet
aku ga suka sma sayuran,aku ga suka sma sayur
Tapi enak buat ditepungin,enak buat ditepungin
Padahal enak banget tapi bersihinnya susah,padahal enak banget bersihinnya susah
ihhh harus dicuci sih,ihhh cuci sih
ngeri ada uletnyaa,ngeri uletnyaa
Ga begitu geli sama brokoli soalnya uletnya kecil gue traumanya sama sawi pakcoy pas dibuka satu satu ada uletnya gede bgt langsung merinding sebadan badan tu sawi gue lempar,ga geli sama brokoli soal ulet kecil gue trauma sama sawi pakcoy pas buka satu satu ulet gede bgt langsung merinding bad badan tu sawi gue lempar
kasih tau dwi @rsndewi ((ttp ngetag wlpn gprnh direply),kasih tau dwi rsndewi ttp ngetag wlpn gprnh direply
Hah mosok ga tau teknik membuang ulat dan kotoran yg ada di brokoli hadehhh,hah mosok ga tau teknik buang ulat kotor yg brokoli hadehhh
Pdhl sawi lebih enak,pdhl sawi lebih enak
Haha cenblu kabeh,haha cenblu kabeh
Yg ditakutin itu ulet di daging mbak bukan di sayuran Lagian itu fresh ga mungkin busuk dan berulat,yg ditakutin ulet daging mbak bukan sayur lagi fresh ga mungkin busuk ulat
Aku malah cari yg ada ulatnya asal nyucinya bener insya Allah aman dari ulat kok.,aku malah cari yg ulat asal nyucinya bener insya allah aman ulat kok
nder udah nder malu,nder udah nder malu
Aku suka banget tapi gamau pegang sebelum mateng jadi masakan. Trauma pas bantuin mama masak aku mau potongin ni sayur ternyata di selaÂ²nya banyak ulet ijo kecilÂ²,aku suka banget gamau pegang mateng jadi masakan trauma pas bantuin mama masak aku mau potongin ni sayur nyata sela banyak ulet ijo kecil
Ini sih namanya OCD,sih nama ocd
lucu bgt ada ya org yg fear mongering ke sayuran,lucu bgt org yg fear mongering sayur
tweet modal chat gpt,tweet modal chat gpt
Kl ada uletnya berarti dia minim pestisida soalnya ulet aja masih mau,kl ulet arti minim pestisida soal ulet aja mau
kan sumber protein dan gizi katanya dan mau diprogramkan itu kan?,kan sumber protein gizi kata mau program kan
Lah nder... Kalo nggak ada ulatnya samsek malah was2 kaliiii....,lah nder kalo ulat samsek malah was kaliiii
lagi2 cenblu asbun,cenblu asbun
Mama aku bangga banget dari kecil sayur kesukaan aku brokoli jadi dia beli Mulu walaupun brokoli tuh harganya agak lebih mahal dari sayur biasa lain wkwk. Masa pada gasuka sih? Kalo ditumis kan rambut2nya nyerep kuah sama rasa jadi pas dimakan,mama aku bangga banget kecil sayur suka aku brokoli jadi beli mulu walaupun brokoli tuh harga lebih mahal sayur biasa wkwk masa gasuka sih kalo tum kan rambut nyerep kuah sama rasa jadi pas makan
Potong kecil cuci. Ganti air rendam air garam. Keluar ulet hihihi. Aku makan brokoli keju aja udah enyak banget.,potong kecil cuci ganti air rendam air garam keluar ulet hihihi aku makan brokoli keju aja udah enyak banget
Ah mau ada dinosaurus nya juga brokoli 1 of the best vegetables for me,ah mau dinosaurus nya brokoli of the best vegetables for me
Ai banget tuh penjelasan,ai banget tuh jelas
dulu aku suka brokoli skrg engga suka,dulu aku suka brokoli skrg engga suka
aku ga suka itu sihh,aku ga suka sihh
ini yg bikin malas makan brokoli,yg bikin malas makan brokoli
Aku ga pernah sih makan brokoli,aku ga pernah sih makan brokoli
gua ga doyan,gua ga doyan
w suka kembang kol sih,w suka kembang kol sih
SEMUA SAYUR AKU TELITIIN LIATIN APLGI BROKOLI YA,semua sayur aku telitiin liatin aplgi brokoli
Gua gak suka itu,gua gak suka
Kalau aku malah suka sih,kalau aku malah suka sih
Ya Allah padahal gua gak pernah ada kepikiran bgtu. Mana sering gua makan sayur brokoli. Skrg malah kepikiran,allah padahal gua gak pernah pikir bgtu mana sering gua makan sayur brokoli skrg malah pikir
brokoli enak bu masalah ulet mah ada garam solusinya.,brokoli enak bu masalah ulet mah garam solusi
lagi-lagi apa? ya betul cenblu dongo yang cuma mikirin engagement,lagilagi apa betul cenblu dongo cuma mikirin engagement
you tweeted this using gpt? and have no shame just to delete the gpt format and edit it properly?,you tweeted this using gpt and have no shame just to delete the gpt format and edit it properly
Salam introgasi bund ï¸,salam introgasi bund
justru disitu sumber protein dan vitamin tambahannya,justru situ sumber protein vitamin tambah
Aku: protein + protein,aku protein protein
Emang ulat bahaya?,emang ulat bahaya
Wkkw lagian brokoli direndem aja ato lggsg rebus nnt jg mengambang si uyet uyet entu,wkkw lagi brokoli direndem aja ato lggsg rebus nnt jg ambang si uyet uyet entu
extra protein ituh,extra protein ituh
Cenblue goblok,cenblue goblok
mesti teliti sih dengan uletnya ini mah,mesti teliti sih ulet mah
ga suka makan sayur,ga suka makan sayur
duhh jadi geli kan ini,duhh jadi geli kan
Jadi geli si yaaa,jadi geli si yaaa
Baru tau ada uletnya,baru tau ulet
harus perhatiin dulu sblm dimasak,perhatiin dulu sblm masak
Takut ada ulatnya doang si,takut ulat doang si
gue ga suka brokoli juga,gue ga suka brokoli
Wah enak sih ini,wah enak sih
Ngeri ada uletnya,ngeri ulet
tapi brokoli itu banyak manfaat loh,brokoli banyak manfaat loh
ogah banget sih kak,ogah banget sih kak
Wah ada juga ternyata ya,wah nyata
Aku juga kurang suka,aku kurang suka
wkwk sama banget gue juga gtu,wkwk sama banget gue gtu
Ngeri deh kalo ada uletnya,ngeri deh kalo ulet
minimal format markdown dari chatgpt nya dihapus atuh bingung baca ada ### nya wkwkwk,minimal format markdown chatgpt nya hapus atuh bingung baca nya wkwkwk
Padahal enak banget yaaaa,padahal enak banget yaaaa
Yang ada ulatnya bukannya malah organik,ulat bukan malah organik
Kangkung juga kadang ada ulet nyaa,kangkung kadang ulet nyaa
Padahal enak tau,padahal enak tau
tapi emang enak si rasanya,emang enak si rasa
Harus teliti sihh inj,teliti sihh inj
Harus direndem air garan,direndem air garan
takut ya kak ada uletnya gitu,takut kak ulet gitu
Baru tau kalo kol itu kadang ada uletnya,baru tau kalo kol kadang ulet
Sering kena prank. Dicek bersih. Eh tau-tau ada ulet wkwk,sering kena prank cek bersih eh tautau ulet wkwk
aku pernah nanem ih itu ulat nya banyak bgttt,aku pernah nanem ih ulat nya banyak bgttt
Soalnya dia banyak banget resiko,soal banyak banget resiko
padhaal itu enak loh bang,padhaal enak loh bang
Sama Kak paling aku hindari,sama kak paling aku hindar
Geli banget sih,geli banget sih
Aku jadi tau,aku jadi tau
harus lebih teliti lagi ya bersihinnya,lebih teliti bersihinnya
Tapi ini makanan yang aku suka,makan aku suka
Brokoli enak loh padahal,brokoli enak loh padahal
Lah ini mah kesukaan gua,lah mah suka gua
ihhh geli banget sih ya,ihhh geli banget sih
tapi emang suka gitu sih brokoli suka ada uletnya,emang suka gitu sih brokoli suka ulet
Tkut kalo ada ulet begini,tkut kalo ulet begini
yang bersih cucinya kak,bersih cuci kak
trauma banget liat ulet,trauma banget liat ulet
Padahal enak banget lo itu,padahal enak banget lo
ihh gua gak suka sayur,ihh gua gak suka sayur
Makasih ya atas informasinya,makasih atas informasi
geli banget sih,geli banget sih
ternyata gitu ya ka,nyata gitu ka
Wkwk man fua jg g suka,wkwk man fua jg g suka
padahal sih enak ya,padahal sih enak
ihhh geli tapi ada taktik nya itu ngilangin ulat,ihhh geli taktik nya ngilangin ulat
Aku gak suka itu,aku gak suka
makanya aku gak pernah mau makan sayur sama sekali,makanya aku gak pernah mau makan sayur sama sekali
aku suka sih klo ini,aku suka sih klo
njir aku suka banget,njir aku suka banget
trauma gua juga takut ada ulet,trauma gua takut ulet
Iya udah dibelek semua Masih ada aja uler,iya udah belek semua aja uler
aku nggak suka banget brokoli,aku suka banget brokoli
Karena ini nih jadi ga suka makan brokoli,nih jadi ga suka makan brokoli
Aku suka tapi ribet aja ngolahnya,aku suka ribet aja ngolahnya
uletnya itu lhoo bikin geli,ulet lhoo bikin geli
Ulet itu cm makhluk kecil. Dipanasin mati. Dan dimakan aman. Kandungan cm protein. Lagian semakin banyak ulat/bekas ulat artinya brokoli alami ga banyak pestisida,ulet cm makhluk kecil dipanasin mati makan aman kandung cm protein lagi makin banyak ulatbekas ulat arti brokoli alami ga banyak pestisida
Gw mah bodo amet. Males ribetin ulat doank kek lo bakal mati aja makan ulat. Paling ribet cuman gw rendam aja ama air garam atau sabun food grade. Lagian dimasak juga mati.,gw mah bodo amet males ribetin ulat doank kek lo bakal mati aja makan ulat paling ribet cuman gw rendam aja ama air garam sabun food grade lagi masak mati
muak liat cenblue monet,muak liat cenblue monet
Ngeri sih kalo ada uletnya,ngeri sih kalo ulet
Wahh baru tauu,wahh baru tauu
eh bjir emg ada uletnya kah.. aku klo nyuci ya ku cuci sampe bersih gitu soalnya klo kepikiran gitu jadinya gk doyan,eh bjir emg ulet aku klo nyuci ku cuci sampe bersih gitu soal klo pikir gitu jadi gk doyan
anjir kok bisa sih ada uletnya ya,anjir kok sih ulet
ribet bener dahh,ribet bener dahh
Sumpah ulet nya kadang ga keliatan,sumpah ulet nya kadang ga liat
jadi geli kan ini,jadi geli kan
Jadi brokoli itu bahaya?,jadi brokoli bahaya
Heran sm oeg yg bilang ribet ini itu. Tinggal potong agak kecil masukin air garam tunggu beberapa menit dan bilas abis itu ya rebus. Idup udh ribet kok dibikin tambah ribet,heran sm oeg yg bilang ribet tinggal potong kecil masukin air garam tunggu beberapa menit bilas abis rebus idup udh ribet kok bikin tambah ribet
straight from gpt ya kak penjelasannya? kaowkwow,straight from gpt kak jelas kaowkwow
CENBIR BISA STOP BIKIN A THREAD PAKE CHATGPT GA??? KALO ADA DUIT HASIL ENGAGEMENT SISIHKAN UNTUK BELAJAR LAGI DEH!,cenbir stop bikin a thread pake chatgpt ga kalo duit hasil engagement sisih ajar deh
Ih kok gitu,ih kok gitu
Ngeri banget kalo banyak uletnya,ngeri banget kalo banyak ulet
brokoli tuh gaenak bgt anjir sumpah dah,brokoli tuh gaenak bgt anjir sumpah dah
karena daunnya itu bisanya bisa menutupi ulat nya ga sih,daun bisa tutup ulat nya ga sih
Harus direndem pake air garem kan,direndem pake air garem kan
trnyata ada uletnya yh,trnyata ulet yh
Agak gimana gitu ya,gimana gitu
Emang bnyk uletnya si,emang bnyk ulet si
makannya takut gw kalau makan brokoli atau pun bunga kol,makan takut gw kalau makan brokoli bunga kol
duh jadi geli kan ini,duh jadi geli kan
Enak banget sih ini,enak banget sih
gua juga gak suka sih,gua gak suka sih
ulet apa sih disitu,ulet apa sih situ
padahal enak banget loh,padahal enak banget loh
Yaelah masak gara-gara itu harus dihindari? Tinggal lo rendem pake aer garem 10 menit sebelum direbus juga tu ulat udah kabur. Lagian tu ulat2 menandakan brokoliny gK pake pestisida broooo.. Hadehhhh..,yaelah masak garagara hindar tinggal lo rendem pake aer garem menit rebus tu ulat udah kabur lagi tu ulat tanda brokoliny gk pake pestisida broooo hadehhhh
Jadi cewe ngapa tolol amat ya,jadi cewe ngapa tolol
Harus bisa ngolah nya sih,ngolah nya sih
Jadi protein tambahan gak sih..,jadi protein tambah gak sih
Bukan pke chat GPT kak??,bukan pke chat gpt kak
Berarti sayur nya bagus dong asli no semprot semprot pengawet.,arti sayur nya bagus dong asli no semprot semprot awet
Rendem air garam dulu...hihihi,rendem air garam duluhihihi
Lebay kontol,lebay kontol
Semprot baygon dulu kak biar uletnya mati,semprot baygon dulu kak biar ulet mati
Tinggal direndam air garam uletnyaa pada mati sendiri sih lagian kl ada uletnya berarti ga di semprot pestisida kan lebih aman,tinggal rendam air garam uletnyaa mati sendiri sih lagi kl ulet arti ga semprot pestisida kan lebih aman
Jujur pasti ada campur tangan azab dan karma but itu kembali lagi kecelakaan dan musibah,jujur campur tangan azab karma but celaka musibah
Sebenarnya turut prihatin ya sama kejadian ini tapi lihat ada berita kalau suaminya bilang pergi perjalanan dinas dan ternyata ditemukan tewas sama LC ngerasa kalau azab itu emang beneran ada,benar turut prihatin sama jadi lihat berita kalau suami bilang pergi jalan dinas nyata temu tewas sama lc ngerasa kalau azab emang beneran
berarti azab itu nyata ya,arti azab nyata
tapi kasian tetep,kasi tetep
emang azab apa?,emang azab apa
bingung sih ya pasti ada penyebabnya tapi ya bisa jadi juga,bingung sih sebab jadi
yaallah semoga cepet membaik ya,yaallah moga cepet baik
serem juga sihh,rem sihh
emang uda takdir guys,emang uda takdir guys
Emang karena azab ya ini?,emang azab
klo itu ma udh takdir ajaa,klo ma udh takdir ajaa
Ga boleh gitu ya,ga gitu
Hanya tuhan yg tau,tuhan yg tau
psti ada sebabnyalah,psti sebab
Iyaa bener sih karna azab,iyaa bener sih karna azab
ya Allah miris banget,allah miris banget
hanya Allah yg tau ya,allah yg tau
Serem juga ya,rem
bukan ranah kita buat judgemen gt,bukan ranah buat judgemen gt
Ngeri banget aku kalau nonton video kebakaran kemarin,ngeri banget aku kalau nonton video bakar kemarin
percaya ga percaya si tapi pasti ada penyebabnya,percaya ga percaya si sebab
Azab atau enggak presepsi masing-masing ya. Menurut gw sendiri ga ada sesuatu hal yang terjadi karena Azab pasti banyak jg orang-orang disana yg bekerja untuk menafkai keluarganya. Jangan hanya ambil sisi kecil untuk kejadian besar. https://t.,azab enggak presepsi masingmasing gw sendiri ga jadi azab banyak jg orangorang sana yg kerja menafkai keluarga jangan ambil sisi kecil jadi besar httpst
udah garis takdir mestinya terjadi sih kata gw soalnya kita gak bisa judge juga,udah garis takdir mesti jadi sih kata gw soal gak judge
gak tau gua,gak tau gua
Apa apa disangkut pautin azab,apa apa sangkut pautin azab
dikit dikit azab ini mah sekarang,dikit dikit azab mah sekarang
kalau uda dikaitkan dengan Azan hanya Allah lah yang tau,kalau uda kait azan allah lah tau
aku gak ikut ikut deh kalo bahasan ini,aku gak ikut ikut deh kalo bahas
azab Nya tuh kayak gimana sih,azab nya tuh kayak gimana sih
waduh karena azab,waduh azab
alfatihah buat para korban,alfatihah buat korban
krna azab yaallah,krna azab yaallah
Hmm ya emang musibah ajasih,hmm emang musibah ajasih
disamping itu gw turut berduka si,samping gw turut duka si
Doa istri selalu dikabulkan kak,doa istri selalu kabul kak
nah bnr serem jg,nah bnr rem jg
ini serem juga ya,rem
jangan gtu pliss ubah dong kaa cp nya,jangan gtu pliss ubah dong kaa cp nya
Gimana yahh bilangnya,gimana yahh bilang
Semua musibah di kata azab kah?,semua musibah kata azab
Turut berduka cita kepada keluarga yang ditinggalkan,turut duka cita keluarga tinggal
Itu semua urusan allah yah aku ga bisa membuat penilaian,semua urus allah yah aku ga buat nilai
hemm gimana ya no komen deh,hemm gimana no komen deh
wkwkwk ada aja kocak bawa-bawa agama,wkwkwk aja kocak bawabawa agama
entahlah aku pun gatau kak,entah aku gatau kak
kalo org ngomong gitu gue takut mau komentar,kalo org ngomong gitu gue takut mau komentar
gatau sih gua ka,gatau sih gua ka
Bisa jadi iya,jadi iya
Saya kontes ini nyimak dulu aja,kontes nyimak dulu aja
hmm gak tau sih kak aku ya,hmm gak tau sih kak aku
Urusan tuhan itu mah kak,urus tuhan mah kak
Aku gtw gmn,aku gtw gmn
di tegal udah 2 tempat karaoke ++ kebakaran. ati-ati aja gak usah ke tempat yg gak ada faedahnya,tegal udah tempat karaoke bakar atiati aja gak usah tempat yg gak faedah
kalo emang karena azab mari kita berdo'a agar agar gedungÂ² kantor para pejabat korup kebakaran juga termasuk para koruptonya tapi orangÂ² baik yg kerja di sana tetap diselamatkan.,kalo emang azab doa gedung kantor jabat korup bakar masuk koruptonya orang baik yg kerja sana tetap selamat
Kalo menurutku sih lebih karena api.,kalo turut sih lebih api
Kew3x indon2. . .,kewx indon
wtf,wtf
Disebabkan api menurutku,sebab api turut
Sudah takdir kematian mereka seperti itu mari kita doa kan saja mereka yg telah menjadi korban dalam tragedi kebakaran itu alfatihah,takdir mati doa kan yg jadi korban tragedi bakar alfatihah
Setau saya kebakaran di glodok karena api kak,tau bakar glodok api kak
duh ngeri banget ya,duh ngeri banget
Kalo aku sig gatau yah ka,kalo aku sig gatau yah ka
no komen deh yang pasti musibah bisa terjadi di mana aja,no komen deh musibah jadi mana aja
Ngeri amat dengerinya,ngeri dengerinya
Temen ta iki â€,temen ta iki
Ternyata gitu ya ka,nyata gitu ka
Hanya tuhan yg tahu...manusia tidak bisa judge itu apa...kita cukup mendoakan saja semoga mrk di ampuni dosa nya ...Husnul khotimah,tuhan yg tahumanusia judge apakita cukup doa moga mrk ampun dosa nya husnul khotimah
Janga bilang seperti itu dehh yaa. Tolong doa kan saja yang terbaik untuk para korban ya,janga bilang dehh yaa doa kan baik korban
Antara percaya ga percaya sih,percaya ga percaya sih
azab terusss kapan gedung DPR kena nuklir,azab terusss kapan gedung dpr kena nuklir
Apaan si goblok,apa si goblok
azab gimana maksudnya kak,azab gimana maksud kak
kok bisa-bisanya sih bisa kena azab kayak gitu sih ini,kok bisabisanya sih kena azab kayak gitu sih
Azab gimana maksudnya kak,azab gimana maksud kak
jadi penasaran aku nih sama kisah lengkapnya,jadi penasaran aku nih sama kisah lengkap
Aku udah lihat videonya ngeri banget,aku udah lihat video ngeri banget
YaAllah miris bngt ys,yaallah miris bngt ys
Susah kalau sudah di kaitkan dengan azab,susah kalau kait azab
Hanya Allah lah yang tahuu,allah lah tahuu
susaah sih kalau udah dikaitkan ke azab tuh tapi pasti ada penyebabnya bukan karna pure azab,susaah sih kalau udah kait azab tuh sebab bukan karna pure azab
Aku mah nyimak aja deh,aku mah nyimak aja deh
Waduh gatau deh min,waduh gatau deh min
Bisa jadi sih karena itu kan tempt hiburan mlam kan,jadi sih kan tempt hibur mlam kan
Bisa jadi sih kak,jadi sih kak
karena kebakaran pasti sih,bakar sih
emang udah takdir guys,emang udah takdir guys
Ya ga boleh gitu sih,ga gitu sih
ya gaboleh gt juga dong,gaboleh gt dong
mungkin emg dah takdirnya,mungkin emg dah takdir
urusan yang di atas,urus atas
Bisa jadi sih ya,jadi sih
Hanya Tuhan yang tahu,tuhan tahu
Gak begitu ngikutin kasusnya sih,gak ngikutin kasus sih
ya allahu alan,allahu alan
gausah dikait-kaitin deh,gausah dikaitkaitin deh
Gatau juga sih karena udah takdir Allah,gatau sih udah takdir allah
klo ak mah sih keknya yaudah takdir aja,klo ak mah sih kek yaudah takdir aja
Gak bisa bilang gitu juga sih karena wallahualam,gak bilang gitu sih wallahualam
duh no komen deh,duh no komen deh
bisa jdi sih,jdi sih
Kok bisa ya gara gara apa kebakaran itu kak),kok gara gara apa bakar kak
Ngeri banget sih,ngeri banget sih
Scripted,scripted
Wallahu a'lam bishawab,wallahu alam bishawab
Orang kemesjid mau apa? Orang ke peprustakaan mau apa? Orang ke diskotik mau apa?,orang mesjid mau apa orang peprustakaan mau apa orang diskotik mau apa
Ya ampun ngeri banget ya,ampun ngeri banget
Azab? Gedung parlemen masih berdiri tegak.,azab gedung parlemen diri tegak
Menurut keyakinan ane Bencana Bagi : Orang yang beriman itu Ujian Orang yang lalai itu teguran Orang yang Maksiat itu Azab.,yakin ane bencana orang iman uji orang lalai tegur orang maksiat azab
ciri khas pembahasan warga Indonesia,ciri khas bahas warga indonesia
Tuhan mengazab yg sedikit tp rahmat kasih sayang-Nya menyelamatkan yg banyak...jika mereka (yg banyak itu) mau berfikir.,tuhan azab yg sedikit tp rahmat kasih sayang selamat yg banyakjika yg banyak mau berfikir
WAJAR... Kecuali bagi yang tidak Beragama.,wajar agama
dikit dikit mistis ah,dikit dikit mistis ah
kalau dikaitkan ke situ berarti hanya Allah yang tau,kalau kait situ arti allah tau
Gatau sih kalau disangkutin sama azab ya,gatau sih kalau disangkutin sama azab
Maksudnya gimana sih aku nggak ngerti,maksud gimana sih aku ngerti
namanya musibah gitu,nama musibah gitu
gak blh gitu ya,gak blh gitu
gatau juga si tp sedih,gatau si tp sedih
Udah takdir Allah kak,udah takdir allah kak
hah seriusan ngeri banget,hah serius ngeri banget
aku pun gabis menilai sih,aku gabis nilai sih
Gaboleh gitu juga sih,gaboleh gitu sih
Sedikit sedikit di katakan azab....ampun deh,sedikit sedikit kata azabampun deh
halah,halah
nyimak dulu aja deh kak,nyimak dulu aja deh kak
bagi orang religius itu azab bagi orang yang skeptis ya kesalahan teknis listrik/human error.,orang religius azab orang skeptis salah teknis listrikhuman error
bisa jadi iya,jadi iya
Semuanya aja kena azab,semua aja kena azab
ya udah takdir aja loh,udah takdir aja loh
Ini g settingan kan ?,g settingan kan
hah no komen deh,hah no komen deh
jangan kaya gtu ya,jangan kaya gtu
Ga semua hal itu harus dikaitkan dengan azab,ga semua kait azab
musibah ini nder ada yang gak salah juga kena jadi korban itu,musibah nder gak salah kena jadi korban
Wah kayanya sih,wah kaya sih
emang gimana ya mungkin azab ga sih,emang gimana mungkin azab ga sih
Glodok hebat ajap,glodok hebat ajap
Hwm ga tau jg kak,hwm ga tau jg kak
Sama halnya sama banjir itu azab karena manusia serakah dan tidak peduli lingkungan,sama hal sama banjir azab manusia serakah peduli lingkung
udah takdir aja ga si,udah takdir aja ga si
Tragis juga ya kejadiannyaa,tragis kejadiannyaa
Klo ini namanya bisik bisik,klo nama bisik bisik
nah ini bukannya malah jadi kek radio kurang energi,nah bukan malah jadi kek radio kurang energi
jancccuuuuuuu ï¸,jancccuuuuuuu
Kalo yg pinter kalimat diatur itu well spoken.... Kalo soft spoken ya gentle pelan ngomongnya.... Bukan cuman suara tp intonation dll.. Contoh kayak nikita willy itu soft spoken tapi kalo kayak karakter nya merriam belina yg sering lewat triak2,kalo yg pinter kalimat atur well spoken kalo soft spoken gentle pelan ngomongnya bukan cuman suara tp intonation contoh kayak nikita willy soft spoken kalo kayak karakter nya merriam bina yg sering lewat triak
aneh banget orang bener kok nadanya direndahin. https://t.co/O8LHNJujR7,aneh banget orang bener kok nada direndahin httpstcoolhnjujr
IYA LOH ANJIR,iya loh anjir
kalo orang sunda: mangga ieu dihakan gorenganna koplok hatur nuhun anying,kalo orang sunda mangga ieu hak gorenganna koplok hatur nuhun anying
nah soft spoken tuh ga kasar,nah soft spoken tuh ga kasar
Ngomong kasar tapi nada nya rendah wkwkw,ngomong kasar nada nya rendah wkwkw
Kalimatnya d atur mah itu POLITISI Yg ngatur gmna cara menipu dengan kata2 yg enak d denger dan d cerna tp busuk,kalimat d atur mah politis yg ngatur gmna cara tipu kata yg enak d denger d cerna tp busuk
Kalau punya google mending searching dulu daripada menyebarkan informasi hoax https://t.co/QD5Ce9HbYE,kalau punya google mending searching dulu sebar informasi hoax httpstcoqdcehbye
Yang penting mah kedengeran kan,penting mah kedengeran kan
pake suara rendah bukan volumenya dikecilin,pake suara rendah bukan volume dikecilin
banyak yang salah sangka ya,banyak salah sangka
iya woi bener jan salah,iya woi bener jan salah
Wkwk ngakak banget dah yang salah paham,wkwk ngakak banget dah salah paham
NAH INI gelay klo dgr cowo suaranya di imutin biar jd soft,nah gelay klo dgr cowo suara imutin biar jd soft
Hati-hati yang sama kayak gitu biasanya manipulatif,hatihati sama kayak gitu biasa manipulatif
Tolong dipahami lagi ya soal ini,paham soal
Banyak yang salah paham deh,banyak salah paham deh
wkwkkw ngakak iya juga ya,wkwkkw ngakak iya
Banyak yang salah paham kayaknya,banyak salah paham kayak
ahahhaa malah jadi gak denger,ahahhaa malah jadi gak denger
slaah ngartiin yaa,slaah ngartiin yaa
Keduanya tapi perlu,dua perlu
Salah kira terus pasti ya,salah kira terus
Ini harus paham,paham
yang penting kedengeran,penting kedengeran
Haha siapa yg begitu tu,haha siapa yg tu
wkwk iyaa lagi ah,wkwk iyaa ah
Iya jir ga semua soft spoken suara nya jadi kecil,iya jir ga semua soft spoken suara nya jadi kecil
nah bukan dikecilin aja yaa,nah bukan dikecilin aja yaa
Malah nggak kedengeran jadinya,malah kedengeran jadi
Kalimatnya diatur sebaik mungkin,kalimat atur baik mungkin
itu mah tipes jir wkwk,mah tipes jir wkwk
banyak yang salah kaprah selama ini,banyak salah kaprah lama
bener banget emang kalimatnya yg harusnya diatur bukan nadanya yg dikecilin wkwk,bener banget emang kalimat yg harus atur bukan nada yg dikecilin wkwk
iya tuh bener wkwk,iya tuh bener wkwk
Nah kata2nya itu pake bahasa yang bagus,nah kata pake bahasa bagus
WHAHAHA SIAPAAA YANG GITUU,whahaha siapaaa gituu
INIIII,iniiii
Suami gw paket komplit. Ngomong diatur iya suaranya lembut juga iya. Asli tanpa dibuat2.,suami gw paket komplit ngomong atur iya suara lembut iya asli buat
betul,betul
FYI pita suara orang ada beda2. Ada yang kalo sekedar ngobrol harus effort naikin suaranya jadi kaya harus teriak dulu ada yang suara normalnya udah keras/toa jadi kesannya ga santai atau mesti dipelanin biar calm . That's why soft spoken = havi,fyi pita suara orang beda kalo dar ngobrol effort naikin suara jadi kaya teriak dulu suara normal udah kerastoa jadi kesan ga santai mesti dipelanin biar calm thats why soft spoken havi
NGAKAK,ngakak
gak ngoros aku celometan tokk,gak ngoros aku celometan tokk
kebiasaan maen bahasa bukan sastra,biasa maen bahasa bukan sastra
Udahnya kita rada budeg kecil pula itu suara,udahnya rada budeg kecil suara
tp menurut chatgpt kek gini by https://t.co/MVgknUlQTX,tp chatgpt kek gin by httpstcomvgknulqtx
nah ini. lucu bgt org ngegas tbtb ngomong pelan dibilang soft spoken tp yg keluar kata2 nya ttp nyakitin,nah lucu bgt org ngegas tbtb ngomong pelan bilang soft spoken tp yg keluar kata nya ttp nyakitin
Dua duanya harusnya meg,dua harus meg
Nadanya dikecilin mah laper bangg,nada dikecilin mah laper bangg
Satu hari satu cenblu farming engagement dengan opini tolol,satu hari satu cenblu farming engagement opini tolol
Ga banyak yang mudeng,ga banyak mudeng
nadanya dikecilin mah tipes,nada dikecilin mah tipes
iya anjir kek ngomong sama org tipes jadinya,iya anjir kek ngomong sama org tipes jadi
Makanya kemaren ada yg bilang kalo mau dapet cowo soft spoken pastiin gak budeg . Kek HAH??! Soft spoken itu lebih ke konteks omongannya pls.,makanya kemaren yg bilang kalo mau dapet cowo soft spoken pastiin gak budeg kek hah soft spoken lebih konteks omong pls
iyawoe gw selalu dibilang soft spoken padahal cuma suara gw aja yg kecil cukkk padahal kalo ngomong juga tanpa filter,iyawoe gw selalu bilang soft spoken padahal cuma suara gw aja yg kecil cukkk padahal kalo ngomong filter
Itu well spoken bukan sih?,well spoken bukan sih
iyaa kocak yg ga ngerti ngomong lembut dikit aja dikira soft spoken..,iyaa kocak yg ga ngerti ngomong lembut dikit aja kira soft spoken
tutorial soft speaker nya,tutorial soft speaker nya
itu mah headset 10 rebuan alias volume kecil,mah headset rebu alias volume kecil
IYEEEEER BENER BUKAN YG MENYE MENYE JG..................,iyeeeeer bener bukan yg menye menye jg
WKWKWKKWK jdi ngebayangin ngomongnya kasar tp namanya kecil,wkwkwkkwk jdi ngebayangin ngomongnya kasar tp nama kecil
Kalo tiap mau ngomong berarti harus di parafrase yaa?,kalo tiap mau ngomong arti parafrase yaa
komedi apa ini?,komedi apa
Harus SPOK,spok
Kalo kalimat diatur teh lebih ke wise gak sih,kalo kalimat atur teh lebih wise gak sih
wkakak maAf,wkakak maaf
@kkuromieyy duta soft spoken,kkuromieyy duta soft spoken
siapa,siapa
Nah! Betul bukan kaya lagi kurang darah,nah betul bukan kaya kurang darah
tapi biasanya orang yang soft spoken itu nadanya pelan.,biasa orang soft spoken nada pelan
Kalo ngomong ny blibet tp nadanya kecil bukn sopspoken kh?,kalo ngomong ny blibet tp nada kecil bukn sopspoken kh
Kalau dikecilin bukan soft spoken itu lowbatt,kalau dikecilin bukan soft spoken lowbatt
Nah! Soft spoken bukan asmr,nah soft spoken bukan asmr
haha iya banget ngomong isinya sumpah serapah tapi pake suara kecil ya sama aja boong ttp badword itu,haha iya banget ngomong isi sumpah serapah pake suara kecil sama aja boong ttp badword
aga beda sih emang https://t.co/0pdhgMiGmz,aga beda sih emang httpstcopdhgmigmz
jadi kaya ï¸ANJG LUï¸ï¸,jadi kaya anjg lu
jd jibar itu bukan soft spoken,jd jibar bukan soft spoken
@indhexxi WKWKWK,indhexxi wkwkwk
@splingky,splingky
WAKAKAKAKKAKA,wakakakakkaka
@sanggiia baca dah,sanggiia baca dah
bukan ngomong matane dengan volume kecil mb @sebutsajathals @phytaaaaa,bukan ngomong matane volume kecil mb sebutsajathals phytaaaaa
NGAKAK BGT,ngakak bgt
Gw orang Sulawesi mix Ambon punya sepupu orang Ambon besar di Papua. Gw bilang ke dia kaks coba ko coba soft spoken ko kan guru. Coba lembut sedikit dia bilang oke besoknya dia bicara tapi suara dikecilin. Seharian gw ngerasa gw lagi di ancam se,gw orang sulawesi mix ambon punya sepupu orang ambon besar papua gw bilang kaks coba ko coba soft spoken ko kan guru coba lembut sedikit bilang oke besok bicara suara dikecilin hari gw ngerasa gw ancam se
Iya kalo nadanya dikecilin = gosip,iya kalo nada dikecilin gosip
iya woii,iya woii
Nah benar harus dipahami ini,nah benar paham
atur sebaik mungkin,atur baik mungkin
iya bener banget gue kan budeg,iya bener banget gue kan budeg
ya banget sih kak,banget sih kak
kirian kecill bgt,kiri kecill bgt
ada yg ngertiin gitu kah,yg ngertiin gitu
Oh jadi begitu ya,jadi
Ekwkek bener anjir org salah kaprah mlu,ekwkek bener anjir org salah kaprah mlu
wkwkwk iya anjing knp pd ngecilin suara ya,wkwkwk iya anjing knp pd ngecilin suara
wkwkwk bener banget ini,wkwkwk bener banget
Banyak yang salah kira ya,banyak salah kira
Iya g tau ya mereka,iya g tau
wkwkkwwk malah haharewosan,wkwkkwwk malah haharewosan
paham ga sii pada,paham ga sii
WKWKWK NAH INI LOH BKN PERKARA NADA SUARA,wkwkwk nah loh bkn perkara nada suara
betul banget nih jangan salah paham,betul banget nih jangan salah paham
nah iyaa bener banget,nah iyaa bener banget
Iya kalimatnya di atur yaa,iya kalimat atur yaa
Kalimatnya dipilih yang terbaik,kalimat pilih baik
Nah itu bener banget wkwkw,nah bener banget wkwkw
Nada dikecilin tp isi omongannya caci maki merendahkan dll bukan soft spoken atuh,nada dikecilin tp isi omong caci maki rendah bukan soft spoken atuh
Kalau udh muak sma kelakuan manusia yg dasarnya selalu ngatur kata ini makin teratur dengan kata-kata sarkas.,kalau udh muak sma laku manusia yg dasar selalu ngatur kata makin atur katakata sarkas
dear cenblue this is cambridge btw https://t.co/eiu34f1lDq,dear cenblue this is cambridge btw httpstcoeiufldq
Kayak Ade rai,kayak ade rai
Orgil emang orang2 tiktok,orgil emang orang tiktok
Jangan salah paham ya,jangan salah paham
hahahanjir,hahahanjir
Oh pantes aku di bilang soft spoken sama temenÂ² adikku.,pantes aku bilang soft spoken sama temen adik
nahhh ini,nahhh
Hahaha,hahaha
@kkhaaals,kkhaaals
AHAHAHA BANYAK YG SALAH TANGGAP,ahahaha banyak yg salah tanggap
Nah iya bener itu,nah iya bener
Banyak yang salah paham ya,banyak salah paham
SETUJU,tuju
nahh iyaa tuh,nahh iyaa tuh
bener banget yang susah itu atur kalimat yang bagus. kalo nada dikecilin mah tv tabung juga bisa bang,bener banget susah atur kalimat bagus kalo nada dikecilin mah tv tabung bang
ngakak ajg,ngakak ajg
Wkwk iya atur aja kalimatnya,wkwk iya atur aja kalimat
Wkwkwk kalo dikecilin mahbkan soft spoken,wkwkwk kalo dikecilin mahbkan soft spoken
kata-katanya juga wkwkwk,katakatanya wkwkwk
Lucu bgt,lucu bgt
Bukan cuma lirih lirih ajaa,bukan cuma lirih lirih ajaa
Ya emang gitu,emang gitu
masa iya begitu ?,masa iya
Wkwkww ketawa bgt ngebayangin,wkwkww ketawa bgt ngebayangin
wkwkwkwk,wkwkwkwk
hahaha iya kocakkk,hahaha iya kocakkk
bnyk yg slaah sngka ya,bnyk yg slaah sngka
di jaga kata katanya gesss,jaga kata kata gesss
wkwkwk pls iya bangett,wkwkwk pls iya bangett
yang penting kedengeran jelas ya,penting kedengeran jelas
nah bener banget ini,nah bener banget
nahh kalimatnya yg diatur ya,nahh kalimat yg atur
ahaha ga gitu juga la ee,ahaha ga gitu la ee
naahh iyaaa bener yg diatur kalimatnya,naahh iyaaa bener yg atur kalimat
mau nangis karena marah &amp,mau nang marah amp
Kadang tuh memang korban seperti ini bingung ceritanya harus ke siapa lagi,kadang tuh memang korban bingung cerita siapa
ini setan juga insecure,setan insecure
Eh parah banget lo ini,eh parah banget lo
ya allah tega banget sih,allah tega banget sih
Parah banget itu,parah banget
Astaga aku ngga bisa ngebayangin perasaam keluarganya kenapa pada jahat banget sih,astaga aku ngga ngebayangin perasaam keluarga jahat banget sih
sedih sekali Poor Miryang,sedih sekali poor miryang
Njirr lah wkwk,njirr lah wkwk
ya allah ko tega bgt si,allah ko tega bgt si
yaallahhh nuiii bukan mnusia sih,yaallahhh nuiii bukan mnusia sih
Ya Allah mirisss bangett Ga tegaaaa,allah mirisss bangett ga tegaaaa
setan juga minder sih ini,setan minder sih
kisahnya ngeri kasian korbannya,kisah ngeri kasi korban
Dia udah jadi korbann tapi kenapa harus ngajak adiknya sih asli tega banget,udah jadi korbann ngajak adik sih asli tega banget
udah gila kasian banget korbannya yaAllah,udah gila kasi banget korban yaallah
Serem banget anjirr iniii,rem banget anjirr iniii
Gila banget sih itu,gila banget sih
sumpah kasian banget,sumpah kasi banget
kasian banget adek nya,kasi banget adek nya
bngst bgt ya,bngst bgt
yaallah kasian banget,yaallah kasi banget
pocili di kota sampah sampe kota maju sama sama jadi hama ya,pocili kota sampah sampe kota maju sama sama jadi hama
Korsel udah rasis bejat lagi,korsel udah ras bejat
Masih 41 saja nangis Lilly phillips ngewe dengan 100 orang sehari malah minta 1000 cowok,nang lilly phillips ngewe orang hari malah minta cowok
Korea kalo soal hukum kayak taik.,korea kalo soal hukum kayak taik
kak ayo bahas ini @nessiejudge,kak ayo bahas nessiejudge
Beneran India versi Asia timur bentar aku muntah dulu.,beneran india versi asia timur bentar aku muntah dulu
yg gini gw ga sanggup baca detail... cm pgn pelaku mampus aja si uda ckp,yg gin gw ga sanggup baca detail cm pgn laku mampus aja si uda ckp
The real villain: ayahnya Miryang.,the real villain ayah miryang
ngerj bangettt iiiii kok bisa bisanya woeee,ngerj bangettt iiiii kok bisa woeee
Junko Furuta Korean version,junko furuta korean version
Your thread is creating a buzz! #TopUnroll https://t.co/pUgIg9A54C @uyonology for unroll,your thread is creating a buzz topunroll httpstcopugigac uyonology for unroll
Sama seperti di negara kinokino di perkosa 11 orang malah di sebut lonte,sama negara kinokino perkosa orang malah sebut lonte
LU SHARE MUKA PELAKU SEBAGAI THUMBNAIL ANJING BUKAN MUKA KORBAN!!!! TOLOL,lu share muka laku thumbnail anjing bukan muka korban tolol
dijadiin toilet sperma bjir,dijadiin toilet sperma bjir
Klo cerita ini kaya kondisi negara ini hari ini ya. Brarti kita tertinggal 20th dr negara2 maju,klo cerita kaya kondisi negara hari brarti tinggal th dr negara maju
w,w
ww,ww
stress,stress
Pantesnya di keprukin pake batu kepala 41 orang itu,pantesnya keprukin pake batu kepala orang
Sinting,sinting
Gak kebayang kalau dia tibaÂ² balas dendam kek glory.,gak bayang kalau tiba balas dendam kek glory
Di mana kader parcok kelakuannya 11-12,mana kader parcok laku
Bejat,bejat
Korsel dulu juga india ya bang,korsel dulu india bang
Jadi inget yg di indo juga ada kasus begini yg cewe nya jualan gorengan miris bgt padahal masih kecil,jadi inget yg indo kasus begini yg cewe nya jual goreng miris bgt padahal kecil
Laki-laki tidak bercerita laki-laki tidak punya teman,lakilaki cerita lakilaki punya teman
bejir gila smpe 41 laki,bejir gila smpe laki
Kejam banget ya ini,kejam banget
Astaghfirullah umur masih kecil tapi otak udah kriminal gitu. Mana cuma dihukum 4 th aja. Kasihan para korban dapat trauma seumur hidupnya,astaghfirullah umur kecil otak udah kriminal gitu mana cuma hukum th aja kasihan korban trauma umur hidup
jahat banget se tega ituu,jahat banget se tega ituu
Astaga jahat banget kasian korban,astaga jahat banget kasi korban
gila ya gapunya hati,gila gapunya hati
makasih infonya kak,makasih info kak
Kasihan banget Masih 14 tahun,kasihan banget tahun
miris banget liatnya,miris banget liat
Yaallah tragis banget kisahnya,yaallah tragis banget kisah
anjir jahat banget lah,anjir jahat banget lah
Ah ini kasus nya ap sih,ah kasus nya ap sih
Ngeri jga yaaj,ngeri jga yaaj
Kisah yang tragis ya,kisah tragis
aduh ngeri bgt si,aduh ngeri bgt si
Wah ngeri juga ya,wah ngeri
Ngeri kali weh,ngeri kali weh
bused kek gmn itu traumanya,bused kek gmn trauma
heh tragis bangett,heh tragis bangett
Ya allah kasian banget 41 loh ajggggg,allah kasi banget loh ajggggg
njir ngeri bgt ya allah itu 41 anak lakiÂ² selama 11 bulan,njir ngeri bgt allah anak laki lama bulan
Sumpah ini biadab banget kak,sumpah biadab banget kak
pelakunya smpe puluhan astaga,laku smpe puluh astaga
ya ampun nyesek banget bacanya,ampun nyesek banget baca
ya allah sedh banget baca nya,allah sedh banget baca nya
Nggak kebayangnya trauma jadi dia,bayang trauma jadi
Ngeri banget sih ini,ngeri banget sih
jahat bgt ya allah,jahat bgt allah
Baca ini sambil istighfar kok kejam banget,baca istighfar kok kejam banget
Dih kasian bgt ya,dih kasi bgt
miris banget,miris banget
Kalian mmg suka sama korean kan..ganteng2..Sisi gelapnya kalian gak tau ya.Kalau orng korea itu nafsunya kuat bangat kayak binatang.Klau gak caya cuba kalian datang itaewon https://t.co/veSZQ7pHcv gitu mabuk2kan dan udah jadi kawasan pelacura,kalian mmg suka sama korean kangantengsisi gelap kalian gak tau yakalau orng korea nafsu kuat bangat kayak binatangklau gak caya cuba kalian datang itaewon httpstcoveszqphcv gitu mabuk udah jadi kawasan pelacura
udahh nonton filmnya sedihh bgt,udahh nonton film sedihh bgt
YA ALLAH,allah
sediih :(,sediih
G,g
Kes ni ada kaitan dengan Kes Tzuyang .. kes Tzuyang ni banyak betol plot twistnya .. admin try lah buat tweet kes ni ...,kes ni kait kes tzuyang kes tzuyang ni banyak betol plot twistnya admin try lah buat tweet kes ni
......,
@nessiejudge,nessiejudge
sedihh bgt ga adil,sedihh bgt ga adil
@HirotadaRadifan bagus nih bang,hirotadaradifan bagus nih bang
41 satu laki-laki. Kalo dipenjarakan cape banget ga sih. Tembak aja langsung kepalanya.,satu lakilaki kalo penjara cape banget ga sih tembak aja langsung kepala
Shock berat bacanya,shock berat baca
Menyedihkan,sedih
Sedih merinding ngeri Ternyata udah diangkat dalam film kisah nyata https://t.co/c5iFWoAiDu,sedih merinding ngeri nyata udah angkat film kisah nyata httpstcocifwoaidu
Astaga,astaga
Balik gawe ningali twit siga kieu haduh,balik gawe ningali twit siga kieu haduh
Knp klo ada kasus pelecehan PASTI ada aja SETAN yg blg Makannya jgn ngundang Lama bgt waktunya. Menikmati itu mah,knp klo kasus leceh aja setan yg blg makan jgn ngundang lama bgt waktu nikmat mah
Baru tahu beritanya ini,baru tahu berita
Parah sekali sih klo gtu,parah sekali sih klo gtu
yaallah miris banget ini,yaallah miris banget
psycho ni cewe,psycho ni cewe
Aku baru tahu nih kak,aku baru tahu nih kak
Ya Allah jahat banget sih,allah jahat banget sih
gila banget kelakuan mereka lebih dari setan ini mah,gila banget laku lebih setan mah
aduh ya ampunnn,aduh ampunnn
anjir ngeri banget,anjir ngeri banget
Didalam rumah pun tetap ngga aman ya . Alhamdulillah ibunya ngga kenapa-kenapa,dalam rumah tetap ngga aman alhamdulillah ibu ngga kenapakenapa
Astagfiruloh kualat nati ntu maling nya biarin aja apa lagi si ibu lagi sholat doa nya akan Allah kabulkan maling kena karma.,astagfiruloh kualat nati ntu maling nya biarin aja apa si ibu sholat doa nya allah kabul maling kena karma
astaghfirullah kok orang pada jahat ya kasian banget ibu nya,astaghfirullah kok orang jahat kasi banget ibu nya
eh kenapa ga dikunci,eh ga kunci
Ya Allah kok bisa jadi langganan gitu tapi Ibu nya gak kenapa2 kan ya.,allah kok jadi langgan gitu ibu nya gak kan
orang lagi solat di curi mampus aja langsung dosa bejibun,orang solat curi mampus aja langsung dosa bejibun
Ya Allah... Bisa-bisanya lagi sholat dirampok,allah bisabisanya sholat rampok
waduh parah banget deh ini,waduh parah banget deh
gak jelas banget anak muda nya itu kak asli dah,gak jelas banget anak muda nya kak asli dah
Kasian banget ibunya,kasi banget ibu
gila tega banget sih,gila tega banget sih
Astagfirullah semoga malingnya dapat Karma yang setimpal dan ibunya dijauhkan dari hal-hal seperti ini,astagfirullah moga maling karma timpal ibu jauh halhal
itu pencuri nya ya?,curi nya
Ngeri bat yaa,ngeri bat yaa
Astaghfirullah gitu amat,astaghfirullah gitu
Ya ampun kok tega banget ya ngerampok itu,ampun kok tega banget ngerampok
berfikir logika aja ya itu di jam cctv nunjukin 4.33 dan cctv biasanya menggunakan waktu WIB dan selisih waktu hampir 3jam kalo gak salah berarti di sana udah jam 7 dan dia sholat kemungkinan ny dia ibadah isya' di jam segitu kenapa ga tutup pin,berfikir logika aja jam cctv nunjukin cctv biasa guna waktu wib selisih waktu hampir jam kalo gak salah arti sana udah jam sholat mungkin ny ibadah isya jam segitu ga tutup pin
aku nyalahin polisi yg ga pernah gercep nanganin ginian... SAMPE 4X berarti pelaku kan selalu keliling di sekitar situ masa ga ketangkep2? tetanggany juga ngapain? anggota keluarga lainny jg ngapain??,aku nyalahin polisi yg ga pernah gercep nanganin ginian sampe x arti laku kan selalu keliling situ masa ga ketangkep tetanggany ngapain anggota keluarga lainny jg ngapain
Yok 2025 normalisasi bunuh maling bakar jgn pernah dilepasin apalagi diserahkan polisi. Kalo diserahkan polisi sama aja goblok maling miskin ga punya duit ya dilepasin SM polisi Yok normalisasi BUNUH MALING / BAKAR MALING,yok normalisasi bunuh maling bakar jgn pernah dilepasin serah polisi kalo serah polisi sama aja goblok maling miskin ga punya duit dilepasin sm polisi yok normalisasi bunuh maling bakar maling
BANGSAT AKUN CENBLUE DISINI. MUSIBAH SI IBU DIJADIIN LADANG TRAFFIC JUGA KAH? TOLOL CENBLUE GOBLOK,bangsat akun cenblue sini musibah si ibu dijadiin ladang traffic tolol cenblue goblok
Gue kadang greget banget sama komenan cenblu kalo kasus kaya gini iya tau kalian saling engage tapi ya mikir dikit kek komennya.,gue kadang greget banget sama komenan cenblu kalo kasus kaya gin iya tau kalian saling engage mikir dikit kek komennya
Yang nyalahin ibunya gws anjing tolol klen smua,nyalahin ibu gws anjing tolol klen smua
suka banget sama respon orang di x di tiktok malah pada ngatain ibunya pdhl jelas jelas itu ada kursi roda,suka banget sama respon orang x tiktok malah ngatain ibu pdhl jelas jelas kursi roda
Jangan nyalahin emaknya aja padahal keliatan dia lg sakit harusnya ada keluarga/orang yg jagain tau hp udh kecolong 4x kasih tindakan apa gitu,jangan nyalahin emaknya aja padahal liat lg sakit harus keluargaorang yg jagain tau hp udh colong x kasih tindak apa gitu
Ibu ini lumpuh guys yang nyuruh ngejar mending lu beli otak ama mata dah,ibu lumpuh guys nyuruh ngejar mending lu beli otak ama mata dah
Ya Allah,allah
Sumpah bahaya banget ya,sumpah bahaya banget
sumpah jhat banget orang tuh,sumpah jhat banget orang tuh
Ngga punya akhlak emang,ngga punya akhlak emang
Astaga tega banget ya ngerampok orang lagi salat,astaga tega banget ngerampok orang salat
yaAllah jahat banget mana itu ada kursi roda ya? maaf apakah ibuknya sakit? kasihan banget yaAllah,yaallah jahat banget mana kursi roda maaf ibuknya sakit kasihan banget yaallah
ya allah pdhl beliau lagi sholat loh,allah pdhl beliau sholat loh
Nekat banget ya orangnya,nekat banget orang
ya allah berarti sering bngt smpe 4 kali di incer udah bertindak belum ini pakpol ?,allah arti sering bngt smpe kali incer udah tindak pakpol
Jahat banget sih orang,jahat banget sih orang
sumpah bahaya banget ya,sumpah bahaya banget
Ada kursi roda di samping. Berarti ibunya disabilitas? Tega banget pencurinya. Sampai 4x juga.,kursi roda samping arti ibu disabilitas tega banget cur x
melihat barang-barang di kamarnya dan posisi shalatnya di kasur sepertinya ibu itu sakit stroke. kemungkinan si pencuri tau kalo korbannya sakit jadi sasaran berkali-kali.,lihat barangbarang kamar posisi shalatnya kasur seperti ibu sakit stroke mungkin si curi tau kalo korban sakit jadi sasar berkalikali
dr video si pencuri bs seberani itu krn si ibu disabilitas kah? itu ada kursi roda soalnya. geram bgtttttt!! asliiii,dr video si curi bs berani krn si ibu disabilitas kursi roda soal geram bgtttttt asliiii
Sing sabar nggih Bu..,sing sabar nggih bu
Udah diincer keliatannya. Maling udah tau kondisi korban yang disabilitas dan ga akan melawan. 4 kali kaya gitu udah jadi bahan omongan seputaran maling.,udah diincer liat maling udah tau kondisi korban disabilitas ga lawan kali kaya gitu udah jadi bahan omong putar maling
Purnomo polisi baik mana nih tolong bilangin koncomu di Jayapura suruh kerja udah 4x loh,purnomo polisi baik mana nih bilangin konco jayapura suruh kerja udah x loh
Setann bgt bjir malinge,setann bgt bjir malinge
wah gila sih,wah gila sih
ya allah 4 kali,allah kali
Kata tmn2ku yg di papua emng maling disana tu udah kek makanan sehari2. Sering banget disna org kemalingan tuh. Jd udh pada pinter2 maling2 disana. Apa aja yg bisa jadi duit pokoknya diambil smpe ayam aja mereka juga doyan ngembat.,kata tmnku yg papua emng maling sana tu udah kek makan hari sering banget disna org maling tuh jd udh pinter maling sana apa aja yg jadi duit pokok ambil smpe ayam aja doyan ngembat
Hadeh,hadeh
Dasar polisi,dasar polisi
Jahat bgt sumpah semoga di bales allah,jahat bgt sumpah moga bales allah
Pintu depannya terbuka?,pintu depan buka
yang kayak gini gw dukung warga main hakim sendiri,kayak gin gw dukung warga main hakim sendiri
Kasiaan bgtt ibunya jg gabisa ngejar kayaknya ituuu gua lihat aja dikamar beliau pkai kursi rodaa BIADAAABB BGTTT!!,kasiaan bgtt ibu jg gabisa ngejar kayak ituuu gua lihat aja kamar beliau pkai kursi rodaa biadaaabb bgttt
Udah 4x kok ga dikunci pintunya?,udah x kok ga kunci pintu
Ini orang2 yg nyalahin ibunya jangan sampe ibu lu atau bahkan elu sendiri ngalamin juga. Mikir anjir orang itu ibunya ada kursi toilet gt jahat banget lu yg nyalahin sumpah gajelas bgt,orang yg nyalahin ibu jangan sampe ibu lu bahkan elu sendiri ngalamin mikir anjir orang ibu kursi toilet gt jahat banget lu yg nyalahin sumpah gajelas bgt
gpp bu selain cctv allah jd saksi lg solat aja bisa2nya bajingan,gpp bu cctv allah jd saksi lg solat aja bisa bajing
Serem,rem
Santaai banget rampoknyaa yaa,santaai banget rampoknyaa yaa
dengan sopan nya si bangsat,sopan nya si bangsat
semogaa tobat abiss di gebukin warga pencurinyaaa,semogaa tobat abiss gebukin warga pencurinyaaa
tega banget ya rampoknya juga,tega banget rampok
kenapa ga tutup pintu?,ga tutup pintu
pasti udah diincar dari lama tuh,udah incar lama tuh
Duh ko bisa si,duh ko si
ngeri banget sih ini,ngeri banget sih
Padahal lagi solat ya Allah,padahal solat allah
Kok tega banget sih,kok tega banget sih
ya allah bisa di rampok lg sholat,allah rampok lg sholat
yaallah padahal lagi sholat loh,yaallah padahal sholat loh
Bahaya juga yah,bahaya yah
Astagaa kok bisa sihh ya Allah,astagaa kok sihh allah
Jahat bgt yaa orng2 ini,jahat bgt yaa orng
Innalilahi wa innailaihi rojiun,innalilahi wa innailaihi rojiun
ya allah gila sih lagi solat loh ibunya,allah gila sih solat loh ibu
tega banget ya,tega banget
ga ada otak emang,ga otak emang
stress sebulan udh 4 kali,stress bulan udh kali
@valiisaa Kayaknya ibunya punya masalah mobilitas fisik coba lohat barang disekitarnya,valiisaa kayak ibu punya masalah mobilitas fisik coba lohat barang sekitar
@gagal_gantengs Goblok,gagalgantengs goblok
@gagal_gantengs Empati dan otaknya d pakai bwanggg,gagalgantengs empati otak d pakai bwanggg
Itu nenekku guys,nenek guys
@chocozelnutreo oon,chocozelnutreo oon
@gadisssmelayu Diem lu cenblue tolol,gadisssmelayu diem lu cenblue tolol
@gadisssmelayu yee tolol,gadisssmelayu yee tolol
@PolresJayapura,polresjayapura
Astagfirullah ya allah hanya engkau lah yang bisa menghukum pencuri tersebut,astagfirullah allah engkau lah hukum curi sebut
Kerja yg bener tolol,kerja yg bener tolol
Anj berani banget,anj berani banget
@ahriesonta om ayo dong ini kasian sih,ahriesonta om ayo dong kasi sih
@rayhanardiya_19 @tutorapg eh kt gue hati hati ya.. ini di kota loh,rayhanardiya tutorapg eh kt gue hati hati kota loh
Di rampok monyet,rampok monyet
Sedih banget asli :((((( . Dunia jangan jahat jahat yah :(,sedih banget asli dunia jangan jahat jahat yah
Up,up
Tidak aneh namanya juga kampung mooooooooooooo ya itulah. Yang sabar bu semoga mereka cepet mati.,aneh nama kampung mooooooooooooo sabar bu moga cepet mati
Pusing banget gua liat cenblu semua,pusing banget gua liat cenblu semua
Sama kayak bu de blkg rumah mertua,sama kayak bu de blkg rumah mertua
astaga,astaga
ini tuh rumah kosan atau apa? kok serem bisa mudah bgt masuk nya tuh pencuri,tuh rumah kosan apa kok rem mudah bgt masuk nya tuh curi
kok tega,kok tega
ya allah jahat bgt ituuu ibunya keliatan susah berdiri padahal,allah jahat bgt ituuu ibu liat susah diri padahal
yaallah emg gada org disana,yaallah emg gada org sana
Bisa dilihat barang-barang di sekitar kamar kayanya ibunya ini sakit sedih banget,lihat barangbarang kamar kaya ibu sakit sedih banget
Kasihan bgt ibunya Gk bakalan tenang hidupnya ntu maling,kasihan bgt ibu gk bakal tenang hidup ntu maling
Nyalse kitu jirr,nyalse kitu jirr
sesek dodoku ya alah,sek dodoku alah
Ibunya lg stroke kah?,ibu lg stroke
Gak ada petugas pak disana? @DivHumas_Polri,gak tugas pak sana divhumaspolri
Ibu nya itu sakit loh adamkursi roda buat bab semoga Allah hapuskan dosa2 ibu itu serta musibah yg ia terima dijadikan ladang penghapus dosa,ibu nya sakit loh adamkursi roda buat bab moga allah hapus dosa ibu musibah yg terima jadi ladang hapus dosa
Harusnya lapor polisi bu,harus lapor polisi bu
Buruk rupa buruk klakuan,buruk rupa buruk klakuan
wlaah babik,wlaah babik
SDM anak domba,sdm anak domba
Astagfirullah ya Allah ga tega liatnya T+T,astagfirullah allah ga tega liat tt
Orgil bgt lu umang umang,orgil bgt lu umang umang
Sempat sempat nya ya,sempat sempat nya
Dih,dih
ya Allah orang2 ini yaa ga ada takut2nya. kasian ibunya lagi sholat,allah orang yaa ga takut kasi ibu sholat
Sama tiap interview auto ngeblank padahal kerjaannya bisa banget,sama tiap interview auto ngeblank padahal kerja banget
Ga bisa jawabnya yah,ga jawab yah
bener banget kenapa harus ada interview? kenapa ga diganti trainee aja langsung,bener banget interview ga ganti trainee aja langsung
bisa kerja tp aku petite,kerja tp aku petite
Sama aja ya,sama aja
karena mungkin ga terbiasa ngomong sama orang banyak ya jadi ngerasa susah interview,mungkin ga biasa ngomong sama orang banyak jadi ngerasa susah interview
interview nya yang bikin ngang ngong ya,interview nya bikin ngang ngong
Hahaha ngeselin banget,hahaha ngeselin banget
kayak gagal di interview padahal bisa kerja,kayak gagal interview padahal kerja
Iyaa kak sama aku jugaa,iyaa kak sama aku jugaa
Interview bikin gugup deg2an sin managerku bilang kalo aku kerjanya paling bagus tapi pas liat aku interview waktu lamar kerja jawabannya kayak ngasal ya gimana ya dibilang ngasal si ngga cuma karena gugup jadi perbendaharaan katanya jadi acak,interview bikin gugup degan sin managerku bilang kalo aku kerja paling bagus pas liat aku interview waktu lamar kerja jawab kayak ngasal gimana bilang ngasal si ngga cuma gugup jadi bendahara kata jadi acak
Males banget interview,males banget interview
pls sama kak ga suka,pls sama kak ga suka
iya anjir info loker yg ga interview,iya anjir info loker yg ga interview
aslindah sama gua juga gitu,aslindah sama gua gitu
Cobain aja dlu interview kan cuman jawab pertanyaan doang,cobain aja dlu interview kan cuman jawab tanya doang
aslii bisa ga ya sistem rekrut tuh diubah dikit krn interview ga sepenuhnya bisa merepresentasi kemampuan kerja orang.. bisa ga dibikin ksh tugas aja gitu atau + interv jadi satu tahap tapi penilaiannya lebih besar di tugas :)),asli ga sistem rekrut tuh ubah dikit krn interview ga sepenuh representasi mampu kerja orang ga bikin ksh tugas aja gitu interv jadi satu tahap nilai lebih besar tugas
ngang ngong banget,ngang ngong banget
gugup banget kalo interview,gugup banget kalo interview
Sumpah sama banget. Gw berkali2 interview ga ada yg lolos. Padahal pengalaman kerja oke bgt gw bingung bgt hrd tuh nyari yg gimana sih?,sumpah sama banget gw kali interview ga yg lolos padahal alam kerja oke bgt gw bingung bgt hrd tuh nyari yg gimana sih
iya njir,iya njir
ya allah retweet,allah retweet
Skill komunikasi gua baik cuman pas interview ngeblank,skill komunikasi gua baik cuman pas interview ngeblank
Makannya CPNS itu enak bgt soalnya ga ada interview,makan cpns enak bgt soal ga interview
Aku juga selalu gagal di tahap interview krn mmg tipikal orang yg susah buat mengungkapkan sesuatu.,aku selalu gagal tahap interview krn mmg tipikal orang yg susah buat ungkap
syalan,syal
asli dah gw malas,asli dah gw malas
tujuan dari interiview itu apaa sih? serius nanyaa,tuju interiview apaa sih serius nanyaa
Suka nervous ya pas interview,suka nervous pas interview
Bener bgtt ya allah,bener bgtt allah
sama suka grogi banget kl interview,sama suka grogi banget kl interview
cape banget gagal di interview mulu,cape banget gagal interview mulu
pusing pala gua mikirin kata kata buat interview pls,pusing pala gua mikirin kata kata buat interview pls
Wkwk pasti deg degan ya,wkwk deg degan
omg aku banget,omg aku banget
dem,dem
Eh penasaran interview tuh gak ada yang bentuknya kayak kerja kelompok kah? Kayak diskusi kelompok gitu wkwk. Misal perusahaannya ngasih satu case terus didiskusiin langsung sama beberapa pelamar. Terus nanti perusahaannya bisa liat pelamar man,eh penasaran interview tuh gak bentuk kayak kerja kelompok kayak diskusi kelompok gitu wkwk misal usaha ngasih satu case terus didiskusiin langsung sama beberapa lamar terus usaha liat lamar man
Deg deg an,deg deg an
Terakhir interview ama millenial. Beuhhhhhh judes jutek kali lah mimik dan gaya bicaranyaa wkwkw,akhir interview ama millenial beuhhhhhh judes jutek kali lah mimik gaya bicaranyaa wkwkw
pls,pls
Iya banyak sih yg bgtu gua yakin,iya banyak sih yg bgtu gua yakin
latian banget buat interview,latian banget buat interview
deg deg an tiap mau interview,deg deg an tiap mau interview
ternyata aku ada temennya,nyata aku temennya
iyupp betul susah,iyupp betul susah
Bener lgi,bener lgi
Iya interview takut banget,iya interview takut banget
mls interview,mls interview
rill. pernah ditanya pas interview knp pgn kerja lagi? posisi udh nikah. dlm hati gw menjawab ya butuh duit anying heran,rill pernah tanya pas interview knp pgn kerja posisi udh nikah dlm hati gw jawab butuh duit anying heran
Sumpah w jg mikir gini makanya daftar cpns,sumpah w jg mikir gin makanya daftar cpns
gue banget,gue banget
IYA LAGI,iya
@SellyHazelia mirip lu bgt wkwkwkkw,sellyhazelia mirip lu bgt wkwkwkkw
kek banyak banget pertanyaan yg kudu gue ladenin,kek banyak banget tanya yg kudu gue ladenin
Iya interviewnya yang susah,iya interviewnya susah
Harus latihan terus-menerus kalau pengen bisa interview,latih terusmenerus kalau ken interview
Bisa harus bisa gmana mau kerja kalo ga bs interview,gmana mau kerja kalo ga bs interview
Iyaa asli gabisa wawancara,iyaa asli gabisa wawancara
Bisa lewat wa aja gak interviewnya,lewat wa aja gak interviewnya
Maless bangett kalo Uda tahap interview,maless bangett kalo uda tahap interview
nah sebel kan kalo mau kerja harus interview segala,nah sebel kan kalo mau kerja interview segala
Susah Kalau interview,susah kalau interview
Emang bener sih ini yaaa,emang bener sih yaaa
haha iya degÂ²an banget,haha iya degan banget
Kenapa begitu padahal kan mesti interview,padahal kan mesti interview
Suah juga yaaa,suah yaaa
belom nyobain si kalo aku kak,bom nyobain si kalo aku kak
Harus belajar lagi berarti,ajar arti
Ehehehe,ehehehe
Haha mls bgt yaa pas interview nya,haha mls bgt yaa pas interview nya
Insya Allah bisa 2 2 nya,insya allah nya
aslii cuyy,asli cuyy
Sama njir keknya susah,sama njir kek susah
Ya udah nggak usah interview,udah usah interview
Kalau kayak gitu grogi nggak sih,kalau kayak gitu grogi sih
sama kok ya,sama kok
Bikin lapangan kerja aja kalau gitu,bikin lapang kerja aja kalau gitu
asli bener lagi gabisanya di sini doang,asli bener gabisanya sini doang
bener nggak bisa jawabnya,bener jawab
iya anjir kenapa ya,iya anjir
bisa ga sih langsung masuk,ga sih langsung masuk
Kenpa harus ada inteview sih,kenpa inteview sih
Males banget ya buat interview,males banget buat interview
iya banyak yang begitu kak,iya banyak kak
Kelemahan guee bgt,lemah guee bgt
takut belibet,takut belibet
ah suka gitu pasti bisa kalo kita nya mau belajar dulu,ah suka gitu kalo nya mau ajar dulu
Iya kenapa harus ada interview sih,iya interview sih
Knapaa harus ada interview ya,knapaa interview
Belajar dulu kak,ajar dulu kak
jujur gua juga gitu haha,jujur gua gitu haha
Males banget aku kalo pas itu,males banget aku kalo pas
takut banget ama interview,takut banget ama interview
Hilangin aja yaa interview ini,hilangin aja yaa interview
emang interview tuh tahap paling gugup asli,emang interview tuh tahap paling gugup asli
ï¸ï¸ï¸ï¸ï¸ bener bgt sering blank pas interview,bener bgt sering blank pas interview
dagdugdug duluan sebelum interview,dagdugdug duluan interview
Nah sama banget si,nah sama banget si
Iya bener juga,iya bener
ya interview takut banget,interview takut banget
Belum terbiasa aja,biasa aja
iya anjir gabisa di interview nya aja,iya anjir gabisa interview nya aja
Moga besok bisa,moga besok
Wkwkekwk kek i dont have the idea to make inovationnn,wkwkekwk kek i dont have the idea to make inovationnn
iya pliss aku gagal di interview mulu,iya pliss aku gagal interview mulu
bener lagi,bener
setiap interview otak gua kaya ke reset ulang plissss,interview otak gua kaya reset ulang plissss
yAKAN,yakan
grogi,grogi
Gw bsa interview cm gabisa kerja aja (terlalu pilih pilih),gw bsa interview cm gabisa kerja aja terlalu pilih pilih
haha mana bener lagi ih,haha mana bener ih
iya anjir sumpah bener banget,iya anjir sumpah bener banget
Sama,sama
Suka belibet kalau ngmmg -_,suka belibet kalau ngmmg
FRRRR aku lamar ratusan company selalu gagal di interview giliran ikut CPNS yang seleksinya tanpa interview langsung lolos,frrrr aku lamar ratus company selalu gagal interview gilir ikut cpns seleksi interview langsung lolos
Gugup banget ya,gugup banget
Iya banget. Itu yg paling ditakutin,iya banget yg paling ditakutin
yess gue gugup banget asli,yess gue gugup banget asli
sama aku juga ga bisa interview,sama aku ga interview
Lah jd gimana?,lah jd gimana
Kadang bikin org gugup,kadang bikin org gugup
Canggung gitu ya kalau diinterview,canggung gitu kalau diinterview
iya susah banget di interviewnya,iya susah banget interviewnya
belibet ya kalo ditanyain,belibet kalo ditanyain
hahahhahahaahha,hahahhahahaahha
@saladaijo,saladaijo
@karrynyamnyam,karrynyamnyam
kak?? u ok??,kak u
Kak,kak
duh pantes aku dh kecintaan,duh pantes aku dh cinta
wkwkw yaallah ketawa bgt lagi hue,wkwkw yaallah ketawa bgt hue
Wkwkwk parah banget anjr,wkwkwk parah banget anjr
hahahaha marketing neraka,hahahaha marketing neraka
Ada aja lagian anjir,aja lagi anjir
juaranya neraka ya brayy,juara neraka brayy
Wkwk agak unik ya jawabnya,wkwk unik jawab
wkwkwk emang gitu jir,wkwkwk emang gitu jir
hem slalu mnrik kek gmn,hem slalu mnrik kek gmn
plis gebuk boleh ga,plis gebuk ga
wkwkw bisa-bisanya ngomong gitu,wkwkw bisabisanya ngomong gitu
Jangan sampai terhasut deh pokoknya,jangan hasut deh pokok
Oalah neraka yaa juaranya,oalah neraka yaa juara
Ya bener juga sih wkwk,bener sih wkwk
stopp,stopp
ya gak gitu juga men konsepnya,gak gitu men konsep
damnnn terpental,damnnn pental
Puas banget ketawanya,puas banget ketawa
ahahha ga gt dong,ahahha ga gt dong
tapi fakta sih beda agama tu menarik banget ah elah bjir kenapa harus beda agama sih bajingan jancok,fakta sih beda agama tu tarik banget ah elah bjir beda agama sih bajing jancok
@nikichio_o,nikichioo
wkwk ada ada aja dah,wkwk aja dah
AHAHAHHA MARKETING NERAKA,ahahahha marketing neraka
asli bener banget lagi,asli bener banget
puas banget ketawanya ya,puas banget ketawa
Kok dibilangnya marketing sih wkwkk,kok bilang marketing sih wkwkk
haha emg bner bner ya,haha emg bner bner
langsung savage njir,langsung savage njir
Waduh kena mental nggak tuh,waduh kena mental tuh
Hahaha biasalah godaan banget,hahaha biasa goda banget
Wkkw emang gede godaannya,wkkw emang gede goda
anjir marketing neraka ga tu,anjir marketing neraka ga tu
WKW&amp,wkwamp
Anjir marketing neraka,anjir marketing neraka
@zoroipem kok malah lewat di aku terus,zoroipem kok malah lewat aku terus
ganteng-ganteng pisan maneh,gantengganteng pis maneh
Wkwkkww bahaya banget emang ya,wkwkkww bahaya banget emang
Wah kacau ini mah,wah kacau mah
wkwk bener juga marketingnya selalu bagus ya,wkwk bener marketingnya selalu bagus
tapi aku ga tergoda,aku ga goda
damn bro berbicara fakta dengan gamblang,damn bro bicara fakta gamblang
Weh iya ga salah sih,weh iya ga salah sih
hahahaha pemikiran yang menarik sih,hahahaha pikir tarik sih
Aduh aku jga gtw,aduh aku jga gtw
Ngakak banget dah anjir,ngakak banget dah anjir
Ada bener nya juga sih,bener nya sih
wkwkw jir marketingnya menarik si bnr,wkwkw jir marketingnya tarik si bnr
Hhha pmtes lah,hhha pmtes lah
ang? kak kak kak,ang kak kak kak
hmm bisa gitu ya wkwkk,hmm gitu wkwkk
wkwkw iya juga,wkwkw iya
HEH,heh
wkwk,wkwk
fr,fr
Buse marketing neraka ga tuh,buse marketing neraka ga tuh
Buset marketing engga tuhh haha,buset marketing engga tuhh haha
@ressyclarista,ressyclarista
Haha bener juga kata dia,haha bener kata
AHAHAHAHA THAT MARKETING NERAKA,ahahahaha that marketing neraka
Wkwkwk malah marketing pula dibilang,wkwkwk malah marketing bilang
Waduhh nyesss banget dihati,waduhh nyesss banget hati
Anjir Iya juga sih makanya harus hati-hati,anjir iya sih makanya hatihati
ditampar sama kenyataan wkwk,tampar sama nyata wkwk
Wah kok bisa gitu,wah kok gitu
kak astaga neraka ada tim marketingnya juga,kak astaga neraka tim marketingnya
waduh wkwk itu godaan ya,waduh wkwk goda
bjir bisa-bisanya dong,bjir bisabisanya dong
Duh emang benerÂ² ya,duh emang bener
emang ada benernya sih,emang benernya sih
@baekseunfg cb dibaca ?,baekseunfg cb baca
Ga gitu juga emang baik aja orangnya,ga gitu emang baik aja orang
haha bisa aja lo,haha aja lo
haha iyaa lagi ah,haha iyaa ah
wkwkwkwk kena bgt anj,wkwkwkwk kena bgt anj
Tapi nggak bisa sih kalau aku,sih kalau aku
Masuk akal,masuk akal
ih tapi beneran rill suka lebih mgerti,ih beneran rill suka lebih mgerti
wkkwk iya juga lagi ini,wkkwk iya
SYHOKK BERAT,syhokk berat
hahaha marketing neraka ga tu,hahaha marketing neraka ga tu
wkwk jangan tergoda deh,wkwk jangan goda deh
wkwkw bisa kepikiran gtu,wkwkw pikir gtu
haaa mampus kau,haaa mampus kau
puas bnget ketawamu,puas bnget ketawa
Wkwk lagi promosi besar besaran,wkwk promosi besar besar
otw nyari cewe beda agama,otw nyari cewe beda agama
WKWK ga gitu jir,wkwk ga gitu jir
Nah jangan tergiur marketingnya ya,nah jangan giur marketingnya
tertampar bgt dah,tampar bgt dah
Nggak gitu gitu juga dong,gitu gitu dong
Jangan sampek deh,jangan sampek deh
wkkwk marketing neraka,wkkwk marketing neraka
woila marketing ga tuu,woila marketing ga tuu
Lagi promosi itu tuh,promosi tuh
LUCU BANGET LAGI ANJIRR,lucu banget anjirr
anjir marketing ga tuh wkwk,anjir marketing ga tuh wkwk
wkwk marketing neraka dong bjirlah,wkwk marketing neraka dong bjirlah
Haha bener banget lagi,haha bener banget
hahaha plis lsg bgt neraka nih,hahaha plis lsg bgt neraka nih
lagi promosi dia itu,promosi
Seru banget liatnya,seru banget liat
wehhh bisa gt woiii,wehhh gt woiii
sudah ahli inimah wkwk,ahli inimah wkwk
hahahaa ngakak x,hahahaa ngakak x
mana bisa gt,mana gt
Ih ini seriusan masa sih semudah ituu,ih serius masa sih mudah ituu
Buset ngeri eyyy,buset ngeri eyyy
anjay keren juga,anjay keren
Ada gak ya di Indo,gak indo
Bisa gitu ya gan,gitu gan
Haha bisa aja dah,haha aja dah
wkwk bisa begitu,wkwk
wah dapet semuannya nih,wah dapet semu nih
sama2 enak ini https://t.co/3XYKIw6KVj,sama enak httpstcoxykiwkvj
ehhhh beneran kah ituu?,ehhhh beneran ituu
buset boleh jugaa,buset jugaa
widih untung banyak ini mah,widih untung banyak mah
tapi susah cuy wkwk,susah cuy wkwk
Untung banyak dong ini mah,untung banyak dong mah
coba di sini ada pasti setiap hari gue mainin,coba sini hari gue mainin
beneran dpt hp nya ga?,beneran dpt hp nya ga
seru banget kyk nya,seru banget kyk nya
Gila banyak banget dah dapatny,gila banyak banget dah dapatny
anjayy untung banget itumah,anjayy untung banget itumah
njirr banyak banget dapetnya,njirr banyak banget dapetnya
wkwk auto buka konter ini mah,wkwk auto buka konter mah
anjir banyak banget,anjir banyak banget
wkwk seru banget ya liatnya,wkwk seru banget liat
untung byk weh,untung byk weh
itu dapat hp asli?,hp asli
Ihhh Mayan juga yah,ihhh mayan yah
ini udah pro player akut,udah pro player akut
wah seru banget sih yaa hadiahnya banyak,wah seru banget sih yaa hadiah banyak
Untung banget itu pasti,untung banget
yang penting tuh emang skill sih,penting tuh emang skill sih
Wah beruntung bgt dapet banyak,wah untung bgt dapet banyak
wkwkw keren keren patut dicintih,wkwkw keren keren patut dicintih
Busett ngeri ya,busett ngeri
Weh nemu dimana aja,weh nemu aja
Lohh bisa gitu astagaa,lohh gitu astagaa
Wkwkw banyak juga ya,wkwkw banyak
Hokinya udah kepake,hoki udah kepake
anjir boleh bgt kek gitu,anjir bgt kek gitu
kok lucu lihat Spiderman nya,kok lucu lihat spiderman nya
Anjir ngechet tuh,anjir ngechet tuh
anjayy hoki kali cok,anjayy hoki kali cok
Buset ampe gumoh gt,buset ampe gumoh gt
Untung banyak ini mah,untung banyak mah
Keren bgt ini sih pak,keren bgt sih pak
bisa gitu dah goks,gitu dah goks
waduh bisa bisa nya gitu,waduh nya gitu
untungnya aja deh,untung aja deh
modal koin mulung,modal koin mulung
Jir banyak amat wkwk,jir banyak wkwk
bisa sampai seperti itu haha,haha
mau dong bang bagi lah,mau dong bang lah
tapi susah yaaa wkwk,susah yaaa wkwk
bjirlahh ini mah langsung rugi yang punya mesin,bjirlahh mah langsung rugi punya mesin
hahaha bisa bisanyaa woi,hahaha bisanyaa woi
Lah kok bisa ya min wkwk,lah kok min wkwk
jago banget sih ini,jago banget sih
wkwkwk untung ada ya,wkwkwk untung
lumayan sii bjir,lumayan sii bjir
Hhh susah sih tapi kalo nyoba terus akhirnya dapet,hhh susah sih kalo nyoba terus akhir dapet
anjir bagi satu dong,anjir satu dong
utg bnyak ya kak,utg bnyak kak
ihh kok bisa,ihh kok
Untung lumayan nih,untung lumayan nih
Waw ada iphone guys,waw iphone guys
buset dh hebat juga,buset dh hebat
menang banyak nih,menang banyak nih
Untung aja banyak,untung aja banyak
Menang banyak ini,menang banyak
Untung banyak banget sih,untung banyak banget sih
Emang kalo rejeki gak kemana,emang kalo rejeki gak
hoki banget tu heh,hoki banget tu heh
iPhone dong dapet,iphone dong dapet
Nge cheat bjir,nge cheat bjir
Hahaha susah banget ya tapi,hahaha susah banget
bisa gtu yaaaa,gtu yaaaa
Udah terbiasa ya mereka mana cuma kaosan pake celana pendek lagii,udah biasa mana cuma kaos pake celana pendek lagi
yang dewasanya udah pada pake kostum mereka malah chil wkwkwk,dewasa udah pake kostum malah chil wkwkwk
Emang gada lawan cuman outfit seadanya ngga make alas kaki pula,emang gada lawan cuman outfit ada ngga make alas kaki
digunung andong banyak bang bocil akamsi maen ke puncak,gunung andong banyak bang bocil akamsi maen puncak
warlok ma bebas,warlok ma bebas
bolang si bolang si bocah gampang ngilang,bolang si bolang si bocah gampang ngilang
gunung mana ini? kok ada bocah pakai baju Panjalu,gunung mana kok bocah pakai baju panjalu
Iya dia udah biasa main di situ,iya udah biasa main situ
agak laen nih haha,laen nih haha
Anjir mainnya sampek pos 5,anjir main sampek pos
Wah keren banget sini menyala di adik,wah keren banget sini nyala adik
easy peazy yaak,easy peazy yaak
akamsi be like chill ae gaziee,akamsi be like chill ae gaziee
seru bgt ya,seru bgt
cekerannn,cekerannn
kek cuma main aja yak,kek cuma main aja yak
Demit e arep nyulik coooh anak e kardi bar adus kok yo wes tekan kene,demit e arep nyulik coooh anak e kardi bar adus kok yo wes tekan kene
Wkwkw apa itu alat daki,wkwkw apa alat daki
Yg hiking pada prepare pakek sepatu khusus jaket apalah apalah Akamsi nyeker dan kaosan,yg hiking prepare pakek sepatu khusus jaket apa apa akamsi nyeker kaos
Emang beda banget,emang beda banget
Mereka sudah terbiasa,biasa
Gitu aja udah bahagia,gitu aja udah bahagia
Keren banget emang,keren banget emang
Wkwk lucuu ya,wkwk lucuu
Iya sih beda banget,iya sih beda banget
Kita kita kalah sama bocil,kalah sama bocil
Mereka mah udh biasa,mah udh biasa
Emang beda deh,emang beda deh
ebuset santuy betul ndaki nya,ebuset santuy betul ndaki nya
Itung2 lagiii mainn gaaa siii,itung lagiii mainn gaaa siii
Wkwk akamsi sendalan doang jir,wkwk akamsi sendal doang jir
Modal nekat aja sih,modal nekat aja sih
seru banget deh kayaknya,seru banget deh kayak
Mereka mah udh biasa banget,mah udh biasa banget
Mantap tanpa tongkat,mantap tongkat
bisa bisanya dekkkk,bisa dekkkk
Jadi inget dulu waktu naik ke puncak Merapi ada bocil sampai puncak masih pake seragam SMP celana pendek lengkap dgn tas selempang sekolahnya. Mungkin sekolahnya di Selo abis pulang sekolah mainnya ke Merapi/Merbabu,jadi inget dulu waktu naik puncak rapi bocil puncak pake seragam smp celana pendek lengkap dgn tas selempang sekolah mungkin sekolah selo abis pulang sekolah main merapimerbabu
manjat kmaren pas malem mauludan yg naek banyakan anak santren yg pake sarungan apa itu sleeping bag keril 50 liter,manjat kmaren pas malem maulud yg naek banyak anak santren yg pake sarung apa sleeping bag keril liter
Jam 5 sore mereka udh ngaji di mushola bawah,jam sore udh ngaji mushola bawah
Bocilnya : sepele bang,bocilnya sepele bang
bocil ga akan capek...kalau dewasa abis energinya buat bayar utang,bocil ga capekkalau dewasa abis energi buat bayar utang
eh keren ya,eh keren
mas dzawin harus melihat ini,mas dzawin lihat
Seru banget ya cill ngebolang,seru banget cill ngebolang
Udah beda spek dr lahir,udah beda spek dr lahir
keren bener dah,keren bener dah
Emang beda banget dah,emang beda banget dah
Akamsi mah santai banget,akamsi mah santai banget
Mereka udah terbiasa,udah biasa
udah biasa mereka pasti,udah biasa
Ngerii jugaa well,ngeri jugaa well
akamsi mahh bebas,akamsi mahh bebas
seru banget jadi mereka,seru banget jadi
Anjay kaya main ke rmh temen aje,anjay kaya main rmh temen aje
Emg besa sih mereka itu,emg besa sih
Beda emang nya sih,beda emang nya sih
kerenn sii inii,kerenn sii ini
Busett santai banget ini,busett santai banget
santuy bet anjir outfit nya,santuy bet anjir outfit nya
Agak beda ya,beda
Anjir nyeker ini coyy,anjir nyeker coyy
keren kamu dek wkwk,keren kamu dek wkwk
gaperlu bawa tas gede gede,gaperlu bawa tas gede gede
akamsi kek maen biasa jir,akamsi kek maen biasa jir
Enggak perlu peralatan hiking,enggak perlu alat hiking
buset santai bgt bro bro ini,buset santai bgt bro bro
gak bawa apa apa dong,gak bawa apa apa dong
Udah beda gitu,udah beda gitu
keren bgt dong kak,keren bgt dong kak
Widih keren ya para Bocil,widih keren bocil
Keren emang para akamsi ini,keren emang akamsi
Emang beda vibesnya,emang beda vibesnya
Gtu bahagia yah,gtu bahagia yah
Wkwk apa ga kena mental yang mendaki,wkwk apa ga kena mental daki
Emang beda banget ini sih,emang beda banget sih
Mana nyeker doang lagi wkwk,mana nyeker doang wkwk
emang beda banget,emang beda banget
terlalu suhu sih ampun dek,terlalu suhu sih ampun dek
Beda dari yang lain dia,beda
bjir bisanya cuma kaosan doang,bjir bisa cuma kaos doang
Bocil itu udah biasa ya naik gunung,bocil udah biasa naik gunung
Udah jadi kebiasaan jadi gitu,udah jadi biasa jadi gitu
iya kan udah terbiasa ya kak,iya kan udah biasa kak
Anak kecilnya nyantay banget naik gunung,anak kecil nyantay banget naik gunung
Ush spek dr lahir itu,ush spek dr lahir
haha emang beda si,haha emang beda si
Nggak dingin apa ya,dingin apa
Keliatan bgt akamsinya wkwkw,liat bgt akamsinya wkwkw
beda banget emang cill,beda banget emang cill
wkwk santai aja make sendal,wkwk santai aja make sendal
enjoy banget ya naik gunung cuma kaya gitu aja stil nya,enjoy banget naik gunung cuma kaya gitu aja stil nya
mana santuy bgt pake sendal celana pendek,mana santuy bgt pake sendal celana pendek
chill bgt ya mereka,chill bgt
beda banget wkwk,beda banget wkwk
Kagak pake sepatu pun naik gunung akamsi,kagak pake sepatu naik gunung akamsi
akamsi punya privilage,akamsi punya privilage
Hehehe seru ya kalau gini,hehehe seru kalau gin
akamsi yang kalo magrib disuruh emak ke mesjid nih,akamsi kalo magrib suruh emak mesjid nih
Akamsi punya kuasa,akamsi punya kuasa
Apa itu jaket gropcore,apa jaket gropcore
Jelas beda kak,jelas beda kak
Jd kangen kampung halaman,jd kangen kampung halaman
